TransactionID;fecha;CustomerID;ProductID;Category;Quantity;Price;Total;PaymentMethod;StoreLocation
TR1000;2023-01-29;CU075;PRD5247;Furniture;9;353.41;3180.69;Cash;Phoenix
TR1001;2023-01-28;CU350;PRD3311;Toys;6;554.51;3327.06;Credit Card;San Antonio
TR1002;2023-02-12;CU392;PRD4241;Toys;4;464.02;1856.08;Paypal;Philadelphia
TR1003;2023-03-02;CU010;PRD3066;Electronics;2;151.66;303.32;Cash;Chicago
TR1004;2023-01-30;CU467;PRD5357;Toys;1;509.25;509.25;Debit Card;Chicago
TR1005;2023-01-14;CU485;PRD4967;Furniture;8;70.46;563.68;Cash;San Jose
TR1006;2023-01-19;CU016;PRD4472;Books;5;23.34;116.7;Credit Card;Phoenix
TR1007;2023-02-16;CU231;PRD1304;Groceries;7;370.7;2594.9;Cash;San Antonio
TR1008;2023-01-18;CU353;PRD4804;Toys;7;239.8;1678.6;Cash;Chicago
TR1009;2023-01-20;CU181;PRD3350;Electronics;9;575.6;5180.4;Paypal;San Antonio
TR1010;2023-01-19;CU082;PRD4275;Clothing;9;28.76;258.84;Cash;San Jose
TR1011;2023-02-21;CU424;PRD1960;Toys;3;12.25;36.75;Cash;San Antonio
TR1012;2023-01-17;CU041;PRD3657;Books;10;14.73;147.3;Paypal;Philadelphia
TR1013;2023-01-05;CU415;PRD1109;Clothing;5;247.28;1236.4;Debit Card;San Diego
TR1014;2023-01-27;CU126;PRD1905;Books;2;529.59;1059.18;Cash;San Antonio
TR1015;2023-02-09;CU091;PRD2263;Books;5;148.15;740.75;Credit Card;Philadelphia
TR1016;2023-02-09;CU246;PRD3612;Clothing;2;263.44;526.88;Paypal;Philadelphia
TR1017;2023-02-07;CU377;PRD2434;Clothing;9;193.71;1743.39;Credit Card;Los Angeles
TR1018;2023-02-07;CU194;PRD4392;Furniture;4;245.1;980.4;Paypal;Philadelphia
TR1019;2023-01-27;CU469;PRD1187;Books;2;357.47;714.94;Paypal;Philadelphia
TR1020;2023-02-28;CU458;PRD5337;Electronics;7;445.17;3116.19;Credit Card;Houston
TR1021;2023-02-28;CU259;PRD5779;Books;9;333.51;3001.59;Credit Card;New York
TR1022;2023-02-02;CU338;PRD5200;Books;2;76.44;152.88;Cash;Chicago
TR1023;2023-01-21;CU058;PRD1572;Furniture;1;365.12;365.12;Paypal;Dallas
TR1024;2023-02-02;CU470;PRD1845;Furniture;5;521.43;2607.15;Paypal;Dallas
TR1025;2023-02-19;CU203;PRD1680;Books;2;271.19;542.38;Paypal;San Antonio
TR1026;2023-01-01;CU187;PRD2699;Furniture;8;108.71;869.68;Cash;Los Angeles
TR1027;2023-01-25;CU348;PRD2071;Toys;6;429.8;2578.8;Credit Card;San Diego
TR1028;2023-01-16;CU189;PRD2589;Books;9;145.82;1312.38;Cash;Philadelphia
TR1029;2023-02-10;CU115;PRD4138;Books;2;135.98;271.96;Credit Card;San Jose
TR1030;2023-01-02;CU181;PRD2055;Electronics;2;266.28;532.56;Paypal;Chicago
TR1031;2023-02-09;CU192;PRD3697;Electronics;3;443.61;1330.83;Paypal;Dallas
TR1032;2023-02-05;CU235;PRD1816;Toys;8;189.76;1518.08;Credit Card;Los Angeles
TR1033;2023-01-26;CU025;PRD4619;Groceries;6;336.22;2017.32;Credit Card;Chicago
TR1034;2023-01-29;CU236;PRD3764;Electronics;8;63.02;504.16;Paypal;Houston
TR1035;2023-01-11;CU376;PRD5847;Toys;10;437.97;4379.7;Credit Card;Dallas
TR1036;2023-01-21;CU293;PRD2288;Clothing;10;575.2;5752.0;Cash;Houston
TR1037;2023-02-08;CU328;PRD4046;Groceries;9;279.32;2513.88;Cash;San Jose
TR1038;2023-01-08;CU186;PRD3628;Toys;3;502.32;1506.96;Credit Card;San Antonio
TR1039;2023-01-20;CU009;PRD4448;Books;8;452.54;3620.32;Paypal;Houston
TR1040;2023-01-10;CU433;PRD3926;Books;8;598.4;4787.2;Credit Card;Chicago
TR1041;2023-01-01;CU274;PRD3029;Books;2;114.47;228.94;Paypal;Houston
TR1042;2023-01-07;CU108;PRD1436;Clothing;3;170.37;511.11;Paypal;San Antonio
TR1043;2023-01-25;CU190;PRD2099;Clothing;8;71.7;573.6;Cash;Los Angeles
TR1044;2023-02-21;CU250;PRD5791;Clothing;8;505.32;4042.56;Credit Card;Houston
TR1045;2023-01-17;CU051;PRD3505;Books;7;461.47;3230.29;Cash;San Diego
TR1046;2023-02-03;CU052;PRD4846;Toys;5;550.74;2753.7;Credit Card;Houston
TR1047;2023-01-18;CU427;PRD1912;Electronics;2;268.99;537.98;Paypal;San Jose
TR1048;2023-02-13;CU445;PRD5619;Groceries;4;432.01;1728.04;Debit Card;San Jose
TR1049;2023-01-07;CU240;PRD1045;Toys;5;499.96;2499.8;Credit Card;New York
TR1050;2023-01-01;CU285;PRD1567;Clothing;1;435.24;435.24;Paypal;Chicago
TR1051;2023-02-21;CU399;PRD5311;Clothing;4;565.82;2263.28;Credit Card;Chicago
TR1052;2023-01-06;CU150;PRD4796;Electronics;5;26.5;132.5;Paypal;Los Angeles
TR1053;2023-02-23;CU012;PRD3098;Electronics;6;358.3;2149.8;Credit Card;New York
TR1054;2023-01-23;CU178;PRD3109;Toys;10;529.59;5295.9;Debit Card;San Diego
TR1055;2023-02-28;CU022;PRD4645;Books;10;290.1;2901.0;Debit Card;New York
TR1056;2023-01-23;CU130;PRD3351;Electronics;9;403.1;3627.9;Paypal;Dallas
TR1057;2023-02-22;CU470;PRD4188;Furniture;8;209.85;1678.8;Credit Card;Los Angeles
TR1058;2023-02-15;CU319;PRD2903;Groceries;10;559.09;5590.9;Debit Card;Chicago
TR1059;2023-02-17;CU437;PRD3586;Books;9;420.46;3784.14;Debit Card;San Diego
TR1060;2023-01-14;CU157;PRD5955;Groceries;8;184.6;1476.8;Credit Card;San Diego
TR1061;2023-02-10;CU017;PRD1677;Clothing;4;358.46;1433.84;Credit Card;Los Angeles
TR1062;2023-01-19;CU250;PRD1840;Furniture;7;413.31;2893.17;Debit Card;Philadelphia
TR1063;2023-03-01;CU434;PRD3064;Electronics;6;12.81;76.86;Paypal;Philadelphia
TR1064;2023-01-02;CU066;PRD4620;Electronics;7;301.84;2112.88;Debit Card;Philadelphia
TR1065;2023-02-02;CU082;PRD5725;Electronics;6;351.59;2109.54;Credit Card;San Jose
TR1066;2023-02-19;CU113;PRD2925;Furniture;8;529.81;4238.48;Debit Card;San Antonio
TR1067;2023-01-08;CU341;PRD3207;Electronics;10;13.1;131.0;Debit Card;Chicago
TR1068;2023-02-24;CU322;PRD4880;Groceries;4;205.28;821.12;Paypal;San Diego
TR1069;2023-01-01;CU099;PRD5693;Groceries;7;437.3;3061.1;Cash;Houston
TR1070;2023-02-24;CU397;PRD3234;Clothing;1;552.33;552.33;Debit Card;Chicago
TR1071;2023-02-18;CU076;PRD2163;Furniture;4;587.04;2348.16;Debit Card;Philadelphia
TR1072;2023-01-30;CU316;PRD4168;Clothing;1;104.57;104.57;Paypal;San Antonio
TR1073;2023-02-15;CU070;PRD5683;Groceries;5;505.15;2525.75;Cash;Los Angeles
TR1074;2023-01-21;CU448;PRD3050;Electronics;10;281.07;2810.7;Credit Card;San Jose
TR1075;2023-02-21;CU100;PRD2637;Groceries;1;345.48;345.48;Paypal;San Diego
TR1076;2023-01-13;CU264;PRD1365;Toys;10;474.72;4747.2;Credit Card;Houston
TR1077;2023-01-07;CU327;PRD3038;Electronics;8;64.31;514.48;Paypal;New York
TR1078;2023-02-16;CU266;PRD5547;Toys;10;22.45;224.5;Credit Card;Los Angeles
TR1079;2023-01-15;CU330;PRD5726;Clothing;3;77.03;231.09;Cash;Chicago
TR1080;2023-02-14;CU244;PRD1781;Clothing;6;575.9;3455.4;Credit Card;San Antonio
TR1081;2023-02-18;CU030;PRD4295;Electronics;3;49.17;147.51;Paypal;Houston
TR1082;2023-01-26;CU225;PRD5432;Toys;8;135.31;1082.48;Paypal;Dallas
TR1083;2023-03-02;CU352;PRD2676;Books;4;242.25;969.0;Credit Card;Houston
TR1084;2023-01-18;CU373;PRD4050;Groceries;5;508.55;2542.75;Cash;San Antonio
TR1085;2023-01-04;CU058;PRD4479;Clothing;5;554.48;2772.4;Cash;Philadelphia
TR1086;2023-01-25;CU115;PRD3094;Groceries;5;183.26;916.3;Cash;Phoenix
TR1087;2023-02-25;CU304;PRD4003;Groceries;1;8.3;8.3;Paypal;Philadelphia
TR1088;2023-02-25;CU058;PRD3976;Groceries;6;361.22;2167.32;Credit Card;San Jose
TR1089;2023-01-17;CU228;PRD3247;Toys;2;483.76;967.52;Cash;Los Angeles
TR1090;2023-02-01;CU327;PRD3089;Toys;10;576.15;5761.5;Debit Card;New York
TR1091;2023-01-08;CU463;PRD3702;Clothing;4;349.92;1399.68;Paypal;Philadelphia
TR1092;2023-01-10;CU168;PRD3964;Groceries;10;524.03;5240.3;Cash;Phoenix
TR1093;2023-01-22;CU248;PRD2419;Electronics;5;408.22;2041.1;Cash;San Antonio
TR1094;2023-01-26;CU458;PRD5986;Books;4;425.31;1701.24;Paypal;Dallas
TR1095;2023-01-06;CU329;PRD3135;Furniture;1;70.09;70.09;Debit Card;Chicago
TR1096;2023-02-04;CU289;PRD4770;Clothing;8;120.42;963.36;Debit Card;Dallas
TR1097;2023-01-10;CU137;PRD5054;Books;8;349.4;2795.2;Debit Card;Phoenix
TR1098;2023-01-17;CU411;PRD1195;Groceries;1;560.22;560.22;Credit Card;Los Angeles
TR1099;2023-01-08;CU123;PRD3838;Electronics;3;95.61;286.83;Debit Card;Houston
TR1100;2023-02-03;CU291;PRD3089;Groceries;10;559.62;5596.2;Debit Card;San Antonio
TR1101;2023-02-23;CU002;PRD2836;Clothing;7;557.33;3901.31;Paypal;Phoenix
TR1102;2023-01-29;CU445;PRD1697;Furniture;7;312.25;2185.75;Debit Card;Phoenix
TR1103;2023-02-05;CU171;PRD1928;Books;10;37.65;376.5;Debit Card;Los Angeles
TR1104;2023-02-10;CU465;PRD5847;Furniture;6;376.91;2261.46;Paypal;New York
TR1105;2023-02-05;CU158;PRD4875;Toys;8;139.05;1112.4;Debit Card;San Diego
TR1106;2023-02-14;CU441;PRD1157;Clothing;4;220.36;881.44;Cash;New York
TR1107;2023-01-11;CU074;PRD4148;Clothing;5;97.09;485.45;Credit Card;Philadelphia
TR1108;2023-02-09;CU487;PRD1947;Furniture;5;375.24;1876.2;Paypal;Philadelphia
TR1109;2023-01-24;CU305;PRD2692;Furniture;10;523.74;5237.4;Paypal;Chicago
TR1110;2023-02-14;CU395;PRD1268;Electronics;10;398.75;3987.5;Credit Card;New York
TR1111;2023-02-09;CU305;PRD4985;Toys;3;65.66;196.98;Cash;Chicago
TR1112;2023-01-03;CU279;PRD1036;Books;8;309.75;2478.0;Cash;Los Angeles
TR1113;2023-01-03;CU132;PRD3819;Furniture;2;481.07;962.14;Credit Card;Chicago
TR1114;2023-01-03;CU402;PRD4585;Clothing;9;421.93;3797.37;Debit Card;Philadelphia
TR1115;2023-02-03;CU441;PRD3904;Electronics;1;124.23;124.23;Paypal;Los Angeles
TR1116;2023-02-08;CU299;PRD2473;Books;5;479.3;2396.5;Credit Card;Phoenix
TR1117;2023-02-27;CU096;PRD1394;Clothing;3;520.89;1562.67;Credit Card;Chicago
TR1118;2023-02-03;CU436;PRD1153;Groceries;7;251.05;1757.35;Cash;San Diego
TR1119;2023-01-03;CU415;PRD2922;Electronics;8;132.74;1061.92;Paypal;Chicago
TR1120;2023-02-24;CU353;PRD5965;Clothing;3;69.48;208.44;Credit Card;Philadelphia
TR1121;2023-01-29;CU001;PRD1894;Clothing;1;296.7;296.7;Paypal;San Jose
TR1122;2023-01-15;CU007;PRD5068;Electronics;1;520.67;520.67;Credit Card;New York
TR1123;2023-02-26;CU194;PRD1688;Toys;10;550.81;5508.1;Paypal;San Jose
TR1124;2023-01-31;CU026;PRD2651;Clothing;5;352.76;1763.8;Debit Card;Chicago
TR1125;2023-02-05;CU353;PRD1312;Groceries;1;285.53;285.53;Cash;Philadelphia
TR1126;2023-02-18;CU288;PRD4892;Furniture;4;551.18;2204.72;Debit Card;San Antonio
TR1127;2023-01-05;CU437;PRD1643;Clothing;1;389.37;389.37;Paypal;Phoenix
TR1128;2023-01-08;CU133;PRD1786;Toys;7;169.96;1189.72;Debit Card;San Jose
TR1129;2023-02-08;CU111;PRD5710;Toys;10;387.7;3877.0;Paypal;Houston
TR1130;2023-01-27;CU025;PRD2830;Furniture;7;540.95;3786.65;Cash;San Diego
TR1131;2023-01-18;CU316;PRD4705;Electronics;6;590.18;3541.08;Debit Card;Phoenix
TR1132;2023-02-27;CU409;PRD2356;Clothing;7;225.95;1581.65;Debit Card;Philadelphia
TR1133;2023-02-19;CU447;PRD1586;Toys;7;80.61;564.27;Credit Card;Phoenix
TR1134;2023-02-14;CU095;PRD5625;Groceries;6;217.29;1303.74;Cash;Dallas
TR1135;2023-01-31;CU381;PRD3642;Clothing;4;525.62;2102.48;Credit Card;San Antonio
TR1136;2023-02-20;CU095;PRD5475;Groceries;1;367.21;367.21;Debit Card;Chicago
TR1137;2023-02-25;CU160;PRD4710;Electronics;10;474.55;4745.5;Paypal;Philadelphia
TR1138;2023-01-02;CU009;PRD3261;Books;9;316.51;2848.59;Credit Card;San Diego
TR1139;2023-02-16;CU257;PRD5214;Books;8;504.6;4036.8;Credit Card;Los Angeles
TR1140;2023-02-18;CU194;PRD3246;Clothing;4;134.79;539.16;Credit Card;San Diego
TR1141;2023-02-22;CU039;PRD1209;Furniture;8;494.19;3953.52;Debit Card;Los Angeles
TR1142;2023-01-31;CU209;PRD5967;Electronics;9;476.31;4286.79;Credit Card;New York
TR1143;2023-01-08;CU418;PRD1858;Groceries;9;53.34;480.06;Debit Card;Dallas
TR1144;2023-01-07;CU077;PRD4277;Toys;1;119.12;119.12;Paypal;Houston
TR1145;2023-02-25;CU302;PRD4016;Electronics;7;345.0;2415.0;Paypal;Los Angeles
TR1146;2023-02-03;CU268;PRD3084;Furniture;10;163.11;1631.1;Credit Card;Houston
TR1147;2023-02-02;CU114;PRD3114;Toys;2;160.36;320.72;Paypal;San Jose
TR1148;2023-02-25;CU122;PRD1571;Clothing;6;371.7;2230.2;Cash;Chicago
TR1149;2023-01-20;CU114;PRD1326;Furniture;9;398.85;3589.65;Cash;San Diego
TR1150;2023-02-17;CU217;PRD3537;Toys;1;531.04;531.04;Paypal;Chicago
TR1151;2023-02-05;CU329;PRD3888;Electronics;10;130.01;1300.1;Paypal;Houston
TR1152;2023-01-26;CU255;PRD3745;Furniture;2;63.9;127.8;Credit Card;New York
TR1153;2023-01-10;CU304;PRD2930;Toys;2;277.06;554.12;Paypal;Los Angeles
TR1154;2023-01-03;CU341;PRD3015;Toys;5;86.73;433.65;Debit Card;New York
TR1155;2023-01-07;CU486;PRD4452;Groceries;5;579.64;2898.2;Paypal;Dallas
TR1156;2023-02-03;CU140;PRD2471;Groceries;1;101.87;101.87;Paypal;New York
TR1157;2023-01-05;CU152;PRD2125;Groceries;9;187.95;1691.55;Cash;Los Angeles
TR1158;2023-02-03;CU427;PRD4278;Furniture;1;364.55;364.55;Cash;San Jose
TR1159;2023-02-02;CU432;PRD4105;Clothing;7;424.92;2974.44;Paypal;Dallas
TR1160;2023-03-01;CU299;PRD4391;Furniture;6;296.61;1779.66;Cash;Philadelphia
TR1161;2023-03-01;CU077;PRD1223;Toys;10;289.29;2892.9;Credit Card;San Jose
TR1162;2023-02-16;CU342;PRD1314;Electronics;5;321.1;1605.5;Debit Card;San Antonio
TR1163;2023-01-06;CU412;PRD3212;Toys;1;254.13;254.13;Credit Card;San Antonio
TR1164;2023-02-12;CU094;PRD4087;Electronics;8;503.84;4030.72;Debit Card;Chicago
TR1165;2023-01-24;CU408;PRD3398;Furniture;5;105.19;525.95;Credit Card;New York
TR1166;2023-01-21;CU015;PRD4344;Electronics;7;40.52;283.64;Paypal;San Jose
TR1167;2023-01-22;CU326;PRD4337;Groceries;5;142.15;710.75;Cash;Philadelphia
TR1168;2023-01-27;CU137;PRD4179;Electronics;5;69.25;346.25;Paypal;San Antonio
TR1169;2023-02-16;CU267;PRD3066;Furniture;7;284.0;1988.0;Debit Card;Dallas
TR1170;2023-02-19;CU082;PRD5334;Books;7;529.4;3705.8;Debit Card;Los Angeles
TR1171;2023-01-12;CU127;PRD3599;Toys;10;169.33;1693.3;Cash;San Antonio
TR1172;2023-02-28;CU484;PRD5554;Books;7;182.72;1279.04;Credit Card;Dallas
TR1173;2023-01-23;CU197;PRD1524;Toys;8;98.59;788.72;Debit Card;Dallas
TR1174;2023-01-16;CU049;PRD2525;Furniture;1;266.94;266.94;Paypal;Dallas
TR1175;2023-01-14;CU285;PRD1528;Toys;2;275.16;550.32;Cash;San Antonio
TR1176;2023-02-12;CU027;PRD5820;Furniture;9;569.57;5126.13;Cash;San Antonio
TR1177;2023-02-01;CU318;PRD3830;Electronics;8;160.19;1281.52;Paypal;San Diego
TR1178;2023-02-03;CU339;PRD4313;Electronics;5;291.78;1458.9;Credit Card;San Antonio
TR1179;2023-02-24;CU084;PRD1129;Electronics;7;361.98;2533.86;Debit Card;San Jose
TR1180;2023-02-16;CU418;PRD5253;Groceries;3;56.93;170.79;Credit Card;Dallas
TR1181;2023-03-01;CU129;PRD1363;Furniture;3;421.22;1263.66;Credit Card;Phoenix
TR1182;2023-02-16;CU408;PRD2466;Books;8;496.51;3972.08;Credit Card;Dallas
TR1183;2023-01-16;CU187;PRD1279;Toys;7;173.92;1217.44;Cash;Chicago
TR1184;2023-02-20;CU182;PRD1534;Groceries;9;50.26;452.34;Paypal;San Diego
TR1185;2023-01-09;CU141;PRD1300;Books;4;441.82;1767.28;Paypal;Dallas
TR1186;2023-02-18;CU089;PRD2533;Furniture;3;260.95;782.85;Paypal;San Antonio
TR1187;2023-01-24;CU341;PRD4975;Books;8;281.63;2253.04;Paypal;Chicago
TR1188;2023-01-17;CU311;PRD1284;Toys;7;515.12;3605.84;Cash;Phoenix
TR1189;2023-01-30;CU485;PRD4177;Electronics;3;52.29;156.87;Debit Card;Dallas
TR1190;2023-02-27;CU079;PRD2628;Electronics;8;233.62;1868.96;Debit Card;New York
TR1191;2023-02-10;CU411;PRD2082;Electronics;6;372.94;2237.64;Credit Card;San Jose
TR1192;2023-02-19;CU307;PRD2340;Electronics;5;382.87;1914.35;Paypal;San Antonio
TR1193;2023-01-05;CU473;PRD2038;Furniture;7;250.94;1756.58;Credit Card;San Antonio
TR1194;2023-01-04;CU386;PRD2524;Furniture;7;67.5;472.5;Cash;Houston
TR1195;2023-01-29;CU230;PRD4828;Furniture;10;286.08;2860.8;Cash;San Antonio
TR1196;2023-01-15;CU259;PRD4119;Electronics;6;298.41;1790.46;Cash;New York
TR1197;2023-01-11;CU114;PRD5573;Clothing;2;145.93;291.86;Credit Card;Philadelphia
TR1198;2023-01-24;CU217;PRD2031;Books;6;356.21;2137.26;Debit Card;Dallas
TR1199;2023-01-14;CU376;PRD2976;Electronics;10;40.03;400.3;Cash;San Antonio
TR1200;2023-02-11;CU215;PRD5365;Electronics;7;282.09;1974.63;Paypal;Philadelphia
TR1201;2023-02-20;CU485;PRD5613;Furniture;2;433.9;867.8;Credit Card;Phoenix
TR1202;2023-01-30;CU059;PRD3381;Books;2;423.29;846.58;Paypal;San Jose
TR1203;2023-02-25;CU130;PRD4533;Furniture;8;578.46;4627.68;Cash;Dallas
TR1204;2023-01-21;CU322;PRD3929;Books;10;521.51;5215.1;Debit Card;Philadelphia
TR1205;2023-02-11;CU120;PRD4942;Groceries;5;210.46;1052.3;Cash;San Diego
TR1206;2023-01-23;CU254;PRD4675;Clothing;8;517.64;4141.12;Debit Card;Houston
TR1207;2023-02-08;CU404;PRD4301;Clothing;9;180.19;1621.71;Cash;San Jose
TR1208;2023-02-12;CU435;PRD3599;Toys;8;401.18;3209.44;Paypal;Houston
TR1209;2023-01-17;CU146;PRD1316;Books;2;399.86;799.72;Credit Card;San Diego
TR1210;2023-01-30;CU468;PRD5399;Furniture;1;90.72;90.72;Paypal;Houston
TR1211;2023-02-17;CU426;PRD4464;Toys;2;204.37;408.74;Paypal;San Antonio
TR1212;2023-01-07;CU055;PRD5312;Toys;8;463.8;3710.4;Cash;New York
TR1213;2023-02-03;CU092;PRD1019;Toys;9;124.98;1124.82;Cash;San Jose
TR1214;2023-01-29;CU205;PRD2446;Toys;8;596.53;4772.24;Paypal;Los Angeles
TR1215;2023-02-17;CU478;PRD1282;Toys;4;234.29;937.16;Debit Card;San Antonio
TR1216;2023-01-02;CU413;PRD3737;Clothing;6;51.16;306.96;Debit Card;San Jose
TR1217;2023-02-10;CU082;PRD3869;Books;8;259.09;2072.72;Cash;San Antonio
TR1218;2023-01-19;CU370;PRD4396;Groceries;5;530.67;2653.35;Paypal;Phoenix
TR1219;2023-02-28;CU228;PRD1861;Electronics;9;120.71;1086.39;Credit Card;Phoenix
TR1220;2023-01-01;CU500;PRD2048;Toys;7;55.98;391.86;Debit Card;Phoenix
TR1221;2023-01-12;CU301;PRD2985;Electronics;9;385.03;3465.27;Debit Card;San Antonio
TR1222;2023-02-27;CU156;PRD4768;Groceries;10;17.12;171.2;Debit Card;Phoenix
TR1223;2023-01-31;CU185;PRD4916;Groceries;10;179.9;1799.0;Paypal;Philadelphia
TR1224;2023-01-27;CU222;PRD2487;Electronics;9;289.8;2608.2;Paypal;Dallas
TR1225;2023-02-18;CU332;PRD1070;Furniture;5;445.45;2227.25;Cash;Dallas
TR1226;2023-01-29;CU446;PRD3553;Books;8;304.56;2436.48;Credit Card;San Antonio
TR1227;2023-02-19;CU022;PRD4679;Electronics;5;488.28;2441.4;Credit Card;Chicago
TR1228;2023-01-09;CU031;PRD1769;Furniture;8;27.34;218.72;Paypal;New York
TR1229;2023-01-04;CU139;PRD5738;Books;6;459.65;2757.9;Cash;Dallas
TR1230;2023-02-27;CU353;PRD2282;Toys;4;332.35;1329.4;Debit Card;Dallas
TR1231;2023-02-06;CU077;PRD4369;Books;4;331.68;1326.72;Paypal;Houston
TR1232;2023-01-20;CU349;PRD2991;Toys;10;484.9;4849.0;Credit Card;San Jose
TR1233;2023-02-03;CU258;PRD3714;Toys;1;594.55;594.55;Paypal;San Antonio
TR1234;2023-01-26;CU446;PRD3859;Furniture;4;418.05;1672.2;Paypal;Phoenix
TR1235;2023-01-05;CU312;PRD4874;Groceries;8;384.91;3079.28;Credit Card;San Antonio
TR1236;2023-01-30;CU018;PRD1875;Books;3;507.78;1523.34;Cash;New York
TR1237;2023-02-27;CU165;PRD3860;Furniture;1;160.17;160.17;Paypal;Houston
TR1238;2023-02-22;CU357;PRD4941;Electronics;8;163.32;1306.56;Debit Card;Chicago
TR1239;2023-01-25;CU440;PRD1158;Clothing;8;141.46;1131.68;Cash;Dallas
TR1240;2023-02-17;CU163;PRD1076;Electronics;1;475.95;475.95;Paypal;Philadelphia
TR1241;2023-01-01;CU063;PRD4835;Clothing;10;300.06;3000.6;Paypal;New York
TR1242;2023-02-19;CU022;PRD3153;Toys;2;207.34;414.68;Cash;Chicago
TR1243;2023-01-31;CU395;PRD2708;Groceries;9;7.01;63.09;Paypal;Phoenix
TR1244;2023-01-29;CU192;PRD3168;Clothing;6;356.69;2140.14;Debit Card;New York
TR1245;2023-02-12;CU221;PRD2100;Groceries;3;218.9;656.7;Paypal;Los Angeles
TR1246;2023-01-14;CU262;PRD2247;Electronics;8;463.39;3707.12;Paypal;Los Angeles
TR1247;2023-02-01;CU106;PRD1372;Groceries;8;598.9;4791.2;Cash;Phoenix
TR1248;2023-01-17;CU453;PRD3056;Groceries;10;392.73;3927.3;Credit Card;Phoenix
TR1249;2023-03-01;CU033;PRD3223;Furniture;2;478.98;957.96;Paypal;Los Angeles
TR1250;2023-01-15;CU064;PRD5580;Books;4;594.46;2377.84;Cash;Chicago
TR1251;2023-02-08;CU440;PRD4194;Toys;9;157.65;1418.85;Cash;Los Angeles
TR1252;2023-02-08;CU048;PRD1489;Books;4;24.18;96.72;Paypal;Phoenix
TR1253;2023-02-12;CU120;PRD4933;Electronics;7;567.8;3974.6;Cash;Phoenix
TR1254;2023-01-01;CU026;PRD5236;Groceries;2;19.24;38.48;Credit Card;Dallas
TR1255;2023-01-23;CU420;PRD1725;Toys;10;119.85;1198.5;Cash;Phoenix
TR1256;2023-01-15;CU317;PRD3063;Books;6;268.11;1608.66;Debit Card;San Diego
TR1257;2023-01-11;CU464;PRD1113;Toys;5;273.71;1368.55;Credit Card;Los Angeles
TR1258;2023-03-01;CU090;PRD4522;Books;4;181.74;726.96;Paypal;Chicago
TR1259;2023-02-17;CU154;PRD4321;Books;1;171.25;171.25;Cash;Philadelphia
TR1260;2023-02-23;CU245;PRD1697;Clothing;7;32.71;228.97;Credit Card;San Antonio
TR1261;2023-02-07;CU090;PRD3654;Books;4;544.61;2178.44;Cash;Chicago
TR1262;2023-02-27;CU124;PRD3222;Electronics;2;368.46;736.92;Debit Card;Chicago
TR1263;2023-02-05;CU459;PRD2849;Toys;3;368.59;1105.77;Cash;Chicago
TR1264;2023-01-31;CU492;PRD4064;Books;1;317.02;317.02;Debit Card;San Antonio
TR1265;2023-01-09;CU042;PRD3455;Books;6;225.18;1351.08;Cash;Dallas
TR1266;2023-02-01;CU044;PRD4829;Toys;5;183.78;918.9;Debit Card;Chicago
TR1267;2023-01-29;CU359;PRD4342;Furniture;7;589.74;4128.18;Debit Card;Houston
TR1268;2023-02-14;CU165;PRD5963;Books;9;137.52;1237.68;Credit Card;Los Angeles
TR1269;2023-01-24;CU202;PRD3128;Clothing;5;192.84;964.2;Cash;San Diego
TR1270;2023-02-15;CU148;PRD2429;Books;10;147.41;1474.1;Paypal;San Jose
TR1271;2023-01-15;CU016;PRD4992;Furniture;7;510.25;3571.75;Paypal;Phoenix
TR1272;2023-01-24;CU308;PRD1505;Toys;2;14.06;28.12;Debit Card;Los Angeles
TR1273;2023-01-09;CU237;PRD1570;Clothing;5;40.0;200.0;Credit Card;Dallas
TR1274;2023-02-03;CU437;PRD3742;Furniture;1;74.7;74.7;Credit Card;Los Angeles
TR1275;2023-02-09;CU255;PRD5107;Clothing;7;461.81;3232.67;Paypal;New York
TR1276;2023-02-28;CU174;PRD1346;Toys;8;275.73;2205.84;Cash;Phoenix
TR1277;2023-01-25;CU205;PRD3687;Clothing;4;214.7;858.8;Debit Card;New York
TR1278;2023-01-29;CU150;PRD1184;Groceries;4;357.15;1428.6;Credit Card;Dallas
TR1279;2023-01-31;CU157;PRD5525;Toys;3;275.19;825.57;Cash;San Diego
TR1280;2023-02-21;CU060;PRD2959;Clothing;4;237.57;950.28;Debit Card;New York
TR1281;2023-02-12;CU331;PRD5974;Toys;2;34.37;68.74;Credit Card;New York
TR1282;2023-01-07;CU339;PRD1632;Books;4;367.89;1471.56;Debit Card;San Antonio
TR1283;2023-02-05;CU167;PRD2002;Clothing;8;347.43;2779.44;Debit Card;Houston
TR1284;2023-02-16;CU200;PRD4871;Clothing;1;595.2;595.2;Paypal;Houston
TR1285;2023-01-01;CU012;PRD5149;Groceries;9;122.41;1101.69;Debit Card;Philadelphia
TR1286;2023-02-03;CU025;PRD4377;Clothing;1;57.83;57.83;Credit Card;Phoenix
TR1287;2023-01-09;CU062;PRD4873;Clothing;2;50.65;101.3;Cash;Chicago
TR1288;2023-01-13;CU323;PRD2734;Groceries;4;75.07;300.28;Debit Card;Los Angeles
TR1289;2023-01-18;CU031;PRD4362;Books;10;429.21;4292.1;Debit Card;San Jose
TR1290;2023-02-14;CU240;PRD1105;Furniture;5;316.56;1582.8;Debit Card;Houston
TR1291;2023-02-03;CU047;PRD2360;Books;4;590.59;2362.36;Cash;New York
TR1292;2023-02-14;CU019;PRD3524;Furniture;8;431.98;3455.84;Paypal;San Antonio
TR1293;2023-01-05;CU371;PRD4184;Furniture;8;266.96;2135.68;Cash;Chicago
TR1294;2023-01-26;CU365;PRD5325;Toys;1;563.24;563.24;Debit Card;Phoenix
TR1295;2023-01-26;CU118;PRD1477;Groceries;6;563.28;3379.68;Debit Card;San Antonio
TR1296;2023-02-25;CU452;PRD2410;Electronics;10;68.66;686.6;Paypal;San Jose
TR1297;2023-02-27;CU436;PRD4374;Clothing;3;18.26;54.78;Credit Card;Philadelphia
TR1298;2023-01-01;CU128;PRD3472;Books;9;554.0;4986.0;Cash;Phoenix
TR1299;2023-01-10;CU054;PRD1309;Toys;9;464.04;4176.36;Credit Card;Los Angeles
TR1300;2023-03-02;CU272;PRD3674;Toys;5;498.51;2492.55;Debit Card;Los Angeles
TR1301;2023-01-13;CU102;PRD1976;Toys;2;30.05;60.1;Cash;Phoenix
TR1302;2023-02-16;CU207;PRD4206;Clothing;6;330.31;1981.86;Paypal;San Antonio
TR1303;2023-02-05;CU198;PRD4202;Furniture;8;430.84;3446.72;Credit Card;Los Angeles
TR1304;2023-02-04;CU217;PRD2001;Groceries;3;301.65;904.95;Paypal;New York
TR1305;2023-01-24;CU188;PRD3030;Furniture;7;197.52;1382.64;Paypal;San Jose
TR1306;2023-02-28;CU482;PRD3997;Clothing;2;371.94;743.88;Cash;Chicago
TR1307;2023-02-27;CU348;PRD5895;Clothing;7;16.24;113.68;Paypal;Chicago
TR1308;2023-02-16;CU340;PRD1007;Books;9;486.39;4377.51;Paypal;San Diego
TR1309;2023-01-18;CU220;PRD2910;Toys;4;233.21;932.84;Cash;San Antonio
TR1310;2023-01-09;CU497;PRD5021;Furniture;6;69.77;418.62;Credit Card;Phoenix
TR1311;2023-01-31;CU160;PRD3113;Books;8;363.3;2906.4;Debit Card;Philadelphia
TR1312;2023-01-30;CU483;PRD1273;Clothing;9;64.5;580.5;Credit Card;Dallas
TR1313;2023-02-13;CU301;PRD3022;Clothing;8;7.23;57.84;Debit Card;Phoenix
TR1314;2023-02-06;CU048;PRD3723;Groceries;2;29.31;58.62;Cash;Chicago
TR1315;2023-02-05;CU459;PRD4386;Groceries;8;77.48;619.84;Paypal;San Diego
TR1316;2023-02-01;CU119;PRD5789;Groceries;1;240.26;240.26;Paypal;Houston
TR1317;2023-01-11;CU196;PRD3836;Toys;4;497.0;1988.0;Credit Card;San Jose
TR1318;2023-02-04;CU450;PRD3485;Toys;7;163.96;1147.72;Cash;San Antonio
TR1319;2023-01-31;CU443;PRD1283;Clothing;9;453.5;4081.5;Debit Card;New York
TR1320;2023-01-06;CU484;PRD2836;Electronics;6;371.93;2231.58;Cash;San Diego
TR1321;2023-02-05;CU237;PRD2638;Clothing;10;456.59;4565.9;Credit Card;Phoenix
TR1322;2023-03-01;CU439;PRD5695;Clothing;5;339.59;1697.95;Cash;San Antonio
TR1323;2023-02-16;CU060;PRD2984;Groceries;6;368.59;2211.54;Credit Card;Chicago
TR1324;2023-01-12;CU388;PRD3381;Furniture;4;575.98;2303.92;Cash;San Jose
TR1325;2023-02-24;CU077;PRD3515;Books;5;284.91;1424.55;Credit Card;San Diego
TR1326;2023-02-27;CU416;PRD4561;Groceries;10;504.18;5041.8;Cash;Phoenix
TR1327;2023-02-07;CU230;PRD2853;Electronics;6;292.86;1757.16;Debit Card;New York
TR1328;2023-01-25;CU343;PRD3364;Toys;8;227.17;1817.36;Debit Card;Philadelphia
TR1329;2023-02-04;CU461;PRD3703;Electronics;4;447.24;1788.96;Cash;San Antonio
TR1330;2023-02-17;CU031;PRD2601;Clothing;10;360.77;3607.7;Debit Card;San Diego
TR1331;2023-01-18;CU409;PRD1108;Groceries;8;438.34;3506.72;Paypal;Phoenix
TR1332;2023-01-02;CU008;PRD4859;Books;6;313.16;1878.96;Paypal;Houston
TR1333;2023-02-05;CU370;PRD2352;Furniture;7;241.09;1687.63;Paypal;Houston
TR1334;2023-02-02;CU070;PRD5920;Books;5;478.92;2394.6;Credit Card;Dallas
TR1335;2023-02-23;CU245;PRD3666;Furniture;5;372.98;1864.9;Cash;Houston
TR1336;2023-01-25;CU481;PRD4659;Electronics;1;7.8;7.8;Paypal;Los Angeles
TR1337;2023-01-25;CU035;PRD2556;Electronics;3;316.74;950.22;Debit Card;San Diego
TR1338;2023-03-01;CU306;PRD2391;Books;10;279.6;2796.0;Credit Card;Los Angeles
TR1339;2023-02-17;CU164;PRD4899;Clothing;9;240.24;2162.16;Cash;San Antonio
TR1340;2023-02-16;CU032;PRD3984;Clothing;9;14.92;134.28;Credit Card;San Jose
TR1341;2023-01-05;CU346;PRD3869;Furniture;7;301.02;2107.14;Credit Card;Dallas
TR1342;2023-02-13;CU340;PRD4009;Furniture;8;168.47;1347.76;Credit Card;New York
TR1343;2023-01-27;CU349;PRD3232;Groceries;3;313.94;941.82;Credit Card;San Diego
TR1344;2023-02-27;CU025;PRD4801;Groceries;2;401.35;802.7;Paypal;Chicago
TR1345;2023-02-24;CU198;PRD3639;Groceries;8;112.75;902.0;Debit Card;Chicago
TR1346;2023-02-09;CU088;PRD2167;Toys;8;28.89;231.12;Cash;San Jose
TR1347;2023-01-20;CU179;PRD1940;Toys;10;540.16;5401.6;Debit Card;Houston
TR1348;2023-02-18;CU459;PRD5938;Electronics;9;119.27;1073.43;Cash;Chicago
TR1349;2023-02-09;CU483;PRD5746;Books;6;153.54;921.24;Paypal;Dallas
TR1350;2023-02-01;CU202;PRD5183;Electronics;3;175.4;526.2;Debit Card;Dallas
TR1351;2023-02-10;CU389;PRD5056;Clothing;7;225.37;1577.59;Credit Card;Phoenix
TR1352;2023-03-01;CU439;PRD2336;Electronics;2;346.43;692.86;Credit Card;Los Angeles
TR1353;2023-01-30;CU022;PRD2952;Groceries;7;480.91;3366.37;Paypal;San Antonio
TR1354;2023-03-02;CU067;PRD5357;Clothing;10;30.86;308.6;Credit Card;Dallas
TR1355;2023-01-04;CU158;PRD3989;Toys;4;160.96;643.84;Credit Card;Philadelphia
TR1356;2023-01-24;CU169;PRD1276;Groceries;7;514.79;3603.53;Credit Card;Houston
TR1357;2023-01-14;CU118;PRD1371;Toys;5;161.8;809.0;Paypal;Dallas
TR1358;2023-01-27;CU222;PRD3433;Clothing;7;508.28;3557.96;Cash;Houston
TR1359;2023-01-25;CU487;PRD5057;Toys;5;468.58;2342.9;Paypal;Dallas
TR1360;2023-02-18;CU474;PRD4071;Books;3;192.49;577.47;Debit Card;Phoenix
TR1361;2023-01-16;CU080;PRD3331;Books;3;71.59;214.77;Credit Card;Dallas
TR1362;2023-01-12;CU037;PRD1975;Toys;5;555.68;2778.4;Cash;Houston
TR1363;2023-01-18;CU250;PRD3534;Toys;5;275.05;1375.25;Credit Card;Dallas
TR1364;2023-01-20;CU482;PRD2979;Clothing;10;582.42;5824.2;Debit Card;San Jose
TR1365;2023-01-08;CU484;PRD5045;Groceries;6;227.15;1362.9;Cash;New York
TR1366;2023-02-14;CU012;PRD3844;Toys;3;415.88;1247.64;Paypal;San Antonio
TR1367;2023-01-02;CU005;PRD2780;Toys;3;584.83;1754.49;Cash;Los Angeles
TR1368;2023-02-13;CU493;PRD4581;Furniture;2;45.76;91.52;Paypal;Houston
TR1369;2023-01-10;CU162;PRD2241;Clothing;3;100.66;301.98;Paypal;Dallas
TR1370;2023-01-23;CU345;PRD4334;Furniture;3;69.34;208.02;Cash;Phoenix
TR1371;2023-01-28;CU459;PRD1491;Groceries;9;425.43;3828.87;Paypal;New York
TR1372;2023-01-30;CU382;PRD1603;Groceries;10;528.01;5280.1;Debit Card;San Antonio
TR1373;2023-02-16;CU070;PRD2949;Groceries;10;7.43;74.3;Paypal;New York
TR1374;2023-02-26;CU148;PRD5614;Toys;4;57.93;231.72;Credit Card;Dallas
TR1375;2023-02-04;CU102;PRD5390;Toys;10;593.65;5936.5;Paypal;San Antonio
TR1376;2023-01-21;CU450;PRD2195;Toys;7;118.55;829.85;Credit Card;Dallas
TR1377;2023-02-05;CU474;PRD1830;Electronics;3;188.51;565.53;Debit Card;Chicago
TR1378;2023-03-02;CU378;PRD3917;Electronics;4;324.94;1299.76;Cash;New York
TR1379;2023-01-29;CU436;PRD2034;Groceries;10;208.36;2083.6;Credit Card;Phoenix
TR1380;2023-01-12;CU309;PRD2034;Books;10;188.36;1883.6;Paypal;San Diego
TR1381;2023-01-14;CU097;PRD4938;Clothing;5;178.87;894.35;Debit Card;Houston
TR1382;2023-02-21;CU440;PRD4397;Books;5;551.94;2759.7;Credit Card;Philadelphia
TR1383;2023-01-28;CU090;PRD5949;Toys;1;56.34;56.34;Paypal;Philadelphia
TR1384;2023-01-22;CU059;PRD2408;Furniture;2;105.22;210.44;Cash;New York
TR1385;2023-01-12;CU280;PRD1617;Books;9;457.71;4119.39;Debit Card;Houston
TR1386;2023-02-15;CU412;PRD4701;Electronics;5;29.7;148.5;Paypal;Houston
TR1387;2023-01-15;CU122;PRD1949;Electronics;2;561.68;1123.36;Paypal;Chicago
TR1388;2023-01-04;CU004;PRD2266;Toys;5;178.42;892.1;Credit Card;San Diego
TR1389;2023-02-02;CU161;PRD4300;Toys;8;127.61;1020.88;Debit Card;Dallas
TR1390;2023-02-21;CU234;PRD2453;Clothing;10;155.79;1557.9;Debit Card;Los Angeles
TR1391;2023-01-03;CU318;PRD3512;Furniture;5;482.56;2412.8;Credit Card;San Antonio
TR1392;2023-01-11;CU367;PRD4112;Books;8;57.87;462.96;Debit Card;New York
TR1393;2023-01-26;CU385;PRD4081;Clothing;10;413.05;4130.5;Paypal;Chicago
TR1394;2023-01-07;CU267;PRD5018;Groceries;5;108.1;540.5;Debit Card;San Diego
TR1395;2023-02-04;CU333;PRD4301;Toys;8;569.87;4558.96;Debit Card;Dallas
TR1396;2023-02-16;CU482;PRD2217;Clothing;10;95.53;955.3;Cash;San Antonio
TR1397;2023-03-01;CU495;PRD1120;Toys;1;379.48;379.48;Cash;Dallas
TR1398;2023-02-09;CU224;PRD5787;Furniture;2;281.56;563.12;Cash;Chicago
TR1399;2023-02-23;CU162;PRD5073;Furniture;7;54.32;380.24;Cash;San Jose
TR1400;2023-02-05;CU441;PRD5778;Furniture;1;189.3;189.3;Credit Card;Houston
TR1401;2023-02-26;CU404;PRD1153;Books;8;97.23;777.84;Paypal;San Diego
TR1402;2023-01-19;CU263;PRD2195;Toys;8;42.43;339.44;Paypal;Philadelphia
TR1403;2023-02-25;CU040;PRD3020;Electronics;10;561.92;5619.2;Debit Card;San Jose
TR1404;2023-02-14;CU161;PRD5295;Books;2;390.44;780.88;Cash;San Jose
TR1405;2023-02-05;CU154;PRD5227;Electronics;4;423.47;1693.88;Cash;New York
TR1406;2023-03-01;CU310;PRD3014;Electronics;2;26.77;53.54;Cash;Houston
TR1407;2023-02-01;CU297;PRD5728;Electronics;6;355.41;2132.46;Debit Card;Houston
TR1408;2023-01-14;CU348;PRD1836;Toys;3;135.14;405.42;Credit Card;Dallas
TR1409;2023-02-01;CU400;PRD5393;Groceries;4;203.17;812.68;Debit Card;San Antonio
TR1410;2023-01-16;CU498;PRD1825;Furniture;1;140.54;140.54;Paypal;Los Angeles
TR1411;2023-01-11;CU252;PRD1157;Toys;1;462.86;462.86;Credit Card;Dallas
TR1412;2023-01-01;CU066;PRD3643;Books;5;47.43;237.15;Cash;Phoenix
TR1413;2023-02-16;CU126;PRD4941;Electronics;5;492.83;2464.15;Cash;Phoenix
TR1414;2023-01-21;CU494;PRD5527;Electronics;7;186.86;1308.02;Paypal;Houston
TR1415;2023-02-28;CU350;PRD2546;Books;6;393.68;2362.08;Paypal;San Diego
TR1416;2023-03-01;CU477;PRD4190;Toys;7;349.6;2447.2;Credit Card;San Jose
TR1417;2023-02-25;CU469;PRD5712;Groceries;3;275.28;825.84;Debit Card;San Antonio
TR1418;2023-01-02;CU152;PRD5330;Electronics;6;329.11;1974.66;Cash;Los Angeles
TR1419;2023-02-27;CU263;PRD5383;Clothing;6;449.38;2696.28;Cash;Phoenix
TR1420;2023-02-03;CU109;PRD1854;Groceries;1;102.44;102.44;Paypal;San Jose
TR1421;2023-01-05;CU426;PRD2808;Groceries;1;229.44;229.44;Credit Card;Dallas
TR1422;2023-01-14;CU487;PRD5807;Groceries;9;39.14;352.26;Paypal;Chicago
TR1423;2023-01-28;CU189;PRD3901;Clothing;5;504.58;2522.9;Debit Card;New York
TR1424;2023-01-09;CU084;PRD1566;Books;4;360.33;1441.32;Cash;Philadelphia
TR1425;2023-02-17;CU180;PRD2554;Furniture;6;437.35;2624.1;Debit Card;Houston
TR1426;2023-02-22;CU288;PRD4162;Electronics;4;582.4;2329.6;Cash;Chicago
TR1427;2023-02-20;CU350;PRD5037;Toys;8;297.05;2376.4;Credit Card;San Antonio
TR1428;2023-01-31;CU197;PRD5013;Books;3;478.32;1434.96;Cash;Dallas
TR1429;2023-01-16;CU210;PRD5991;Clothing;2;50.21;100.42;Cash;Los Angeles
TR1430;2023-02-02;CU049;PRD4979;Toys;9;581.06;5229.54;Cash;San Antonio
TR1431;2023-01-07;CU472;PRD5526;Electronics;2;468.17;936.34;Credit Card;Los Angeles
TR1432;2023-02-18;CU139;PRD3218;Furniture;6;36.72;220.32;Paypal;New York
TR1433;2023-02-19;CU043;PRD4118;Toys;1;300.01;300.01;Debit Card;New York
TR1434;2023-01-24;CU352;PRD3626;Toys;1;554.76;554.76;Cash;New York
TR1435;2023-02-12;CU138;PRD3980;Groceries;10;551.71;5517.1;Debit Card;Phoenix
TR1436;2023-03-02;CU255;PRD2402;Toys;8;379.94;3039.52;Debit Card;Dallas
TR1437;2023-01-29;CU273;PRD1888;Groceries;7;463.14;3241.98;Debit Card;Los Angeles
TR1438;2023-02-28;CU437;PRD3893;Toys;2;54.14;108.28;Debit Card;Dallas
TR1439;2023-02-08;CU062;PRD4850;Toys;8;339.67;2717.36;Cash;San Antonio
TR1440;2023-01-02;CU238;PRD3196;Toys;7;5.96;41.72;Cash;Philadelphia
TR1441;2023-02-04;CU428;PRD4144;Books;1;495.49;495.49;Credit Card;New York
TR1442;2023-01-19;CU404;PRD3519;Books;10;165.86;1658.6;Credit Card;Philadelphia
TR1443;2023-02-27;CU363;PRD5950;Toys;2;102.48;204.96;Paypal;Chicago
TR1444;2023-01-05;CU266;PRD4452;Books;7;374.65;2622.55;Cash;San Antonio
TR1445;2023-02-12;CU039;PRD3747;Electronics;10;422.16;4221.6;Paypal;Philadelphia
TR1446;2023-02-24;CU388;PRD1428;Books;5;136.87;684.35;Cash;New York
TR1447;2023-01-01;CU176;PRD3624;Toys;10;123.29;1232.9;Paypal;New York
TR1448;2023-02-25;CU185;PRD4016;Clothing;6;507.47;3044.82;Credit Card;Philadelphia
TR1449;2023-01-15;CU436;PRD2145;Electronics;9;500.45;4504.05;Cash;Dallas
TR1450;2023-02-26;CU040;PRD3089;Groceries;9;409.53;3685.77;Paypal;Chicago
TR1451;2023-01-11;CU148;PRD3188;Electronics;8;64.01;512.08;Debit Card;San Diego
TR1452;2023-03-02;CU233;PRD4210;Clothing;4;53.0;212.0;Debit Card;San Jose
TR1453;2023-02-07;CU031;PRD2341;Groceries;8;578.85;4630.8;Cash;New York
TR1454;2023-02-09;CU384;PRD2894;Clothing;7;569.56;3986.92;Credit Card;San Antonio
TR1455;2023-01-30;CU408;PRD3163;Toys;7;135.31;947.17;Debit Card;Chicago
TR1456;2023-01-14;CU275;PRD2729;Groceries;4;426.83;1707.32;Debit Card;San Antonio
TR1457;2023-01-25;CU355;PRD5035;Toys;9;426.77;3840.93;Paypal;Los Angeles
TR1458;2023-01-01;CU091;PRD4335;Groceries;8;244.65;1957.2;Credit Card;Dallas
TR1459;2023-01-07;CU339;PRD2804;Toys;6;72.96;437.76;Cash;Los Angeles
TR1460;2023-01-01;CU225;PRD2349;Clothing;8;133.12;1064.96;Cash;Dallas
TR1461;2023-02-26;CU067;PRD5260;Clothing;4;104.28;417.12;Paypal;Chicago
TR1462;2023-02-01;CU078;PRD5273;Toys;6;278.6;1671.6;Cash;Dallas
TR1463;2023-03-02;CU491;PRD2243;Clothing;2;355.98;711.96;Credit Card;Houston
TR1464;2023-02-02;CU266;PRD1251;Furniture;6;108.66;651.96;Cash;San Jose
TR1465;2023-02-12;CU288;PRD1783;Toys;2;547.02;1094.04;Cash;Dallas
TR1466;2023-02-05;CU353;PRD4231;Furniture;7;450.0;3150.0;Debit Card;Los Angeles
TR1467;2023-01-03;CU125;PRD3409;Books;3;548.12;1644.36;Credit Card;Philadelphia
TR1468;2023-02-11;CU177;PRD5997;Clothing;9;451.76;4065.84;Debit Card;Phoenix
TR1469;2023-02-06;CU211;PRD2757;Clothing;10;110.99;1109.9;Credit Card;Philadelphia
TR1470;2023-01-26;CU272;PRD3724;Electronics;2;59.47;118.94;Paypal;Phoenix
TR1471;2023-02-12;CU018;PRD4165;Groceries;7;199.67;1397.69;Credit Card;Phoenix
TR1472;2023-01-13;CU194;PRD1329;Electronics;8;241.3;1930.4;Paypal;San Antonio
TR1473;2023-02-14;CU160;PRD5910;Clothing;5;527.11;2635.55;Debit Card;Los Angeles
TR1474;2023-02-17;CU140;PRD4262;Toys;2;444.82;889.64;Cash;New York
TR1475;2023-02-04;CU072;PRD4235;Furniture;2;319.07;638.14;Debit Card;New York
TR1476;2023-02-11;CU151;PRD2870;Books;2;234.16;468.32;Credit Card;Phoenix
TR1477;2023-02-08;CU399;PRD3234;Groceries;2;203.09;406.18;Cash;Los Angeles
TR1478;2023-01-12;CU145;PRD3584;Books;6;312.7;1876.2;Cash;Los Angeles
TR1479;2023-01-16;CU063;PRD3886;Clothing;10;434.56;4345.6;Paypal;New York
TR1480;2023-02-13;CU263;PRD4493;Toys;5;124.77;623.85;Cash;San Diego
TR1481;2023-02-24;CU218;PRD5404;Books;2;587.98;1175.96;Credit Card;San Antonio
TR1482;2023-01-05;CU281;PRD3340;Books;6;410.7;2464.2;Debit Card;Houston
TR1483;2023-02-26;CU073;PRD2085;Furniture;10;531.18;5311.8;Debit Card;San Diego
TR1484;2023-02-26;CU251;PRD1469;Books;10;434.59;4345.9;Paypal;Chicago
TR1485;2023-01-18;CU050;PRD2806;Electronics;5;286.86;1434.3;Cash;Los Angeles
TR1486;2023-02-09;CU196;PRD1384;Books;8;16.34;130.72;Paypal;Philadelphia
TR1487;2023-02-20;CU384;PRD4743;Electronics;4;475.87;1903.48;Debit Card;New York
TR1488;2023-01-02;CU172;PRD5503;Groceries;10;15.28;152.8;Credit Card;San Antonio
TR1489;2023-02-05;CU219;PRD4198;Furniture;4;476.74;1906.96;Cash;Dallas
TR1490;2023-01-21;CU285;PRD5426;Books;5;541.78;2708.9;Credit Card;San Jose
TR1491;2023-02-19;CU387;PRD5704;Groceries;1;223.33;223.33;Cash;San Antonio
TR1492;2023-01-04;CU178;PRD4553;Books;5;534.08;2670.4;Paypal;Los Angeles
TR1493;2023-01-03;CU319;PRD3355;Electronics;5;98.62;493.1;Debit Card;Philadelphia
TR1494;2023-01-21;CU320;PRD3306;Clothing;4;56.87;227.48;Credit Card;Houston
TR1495;2023-01-22;CU036;PRD2498;Clothing;1;14.29;14.29;Cash;San Diego
TR1496;2023-01-13;CU149;PRD1954;Furniture;8;267.64;2141.12;Cash;Dallas
TR1497;2023-01-30;CU397;PRD2743;Clothing;9;86.89;782.01;Paypal;San Antonio
TR1498;2023-02-04;CU306;PRD2549;Clothing;10;209.55;2095.5;Debit Card;Philadelphia
TR1499;2023-02-09;CU179;PRD5887;Toys;1;378.62;378.62;Paypal;New York
TR1500;2023-01-30;CU250;PRD1657;Books;3;9.03;27.09;Debit Card;New York
TR1501;2023-01-09;CU113;PRD5826;Electronics;9;478.78;4309.02;Paypal;Los Angeles
TR1502;2023-01-03;CU338;PRD5108;Furniture;9;5.6;50.4;Paypal;Phoenix
TR1503;2023-02-11;CU313;PRD3160;Electronics;2;39.6;79.2;Cash;Chicago
TR1504;2023-01-18;CU156;PRD4192;Furniture;7;249.91;1749.37;Paypal;Los Angeles
TR1505;2023-01-27;CU495;PRD1989;Clothing;8;76.78;614.24;Credit Card;Phoenix
TR1506;2023-02-17;CU419;PRD2076;Groceries;7;216.49;1515.43;Cash;San Jose
TR1507;2023-01-28;CU311;PRD1077;Electronics;8;157.6;1260.8;Cash;New York
TR1508;2023-01-17;CU236;PRD2374;Furniture;9;234.7;2112.3;Debit Card;Dallas
TR1509;2023-02-16;CU306;PRD4639;Toys;10;71.89;718.9;Cash;New York
TR1510;2023-01-03;CU342;PRD1208;Groceries;2;181.95;363.9;Debit Card;Chicago
TR1511;2023-01-18;CU483;PRD1261;Clothing;7;22.9;160.3;Cash;Dallas
TR1512;2023-02-09;CU277;PRD4741;Toys;1;387.7;387.7;Debit Card;Phoenix
TR1513;2023-02-16;CU100;PRD2838;Books;3;249.05;747.15;Debit Card;Philadelphia
TR1514;2023-01-06;CU295;PRD1084;Books;3;102.23;306.69;Debit Card;San Jose
TR1515;2023-01-16;CU090;PRD1792;Clothing;7;136.08;952.56;Paypal;Phoenix
TR1516;2023-01-20;CU057;PRD2052;Books;10;87.25;872.5;Credit Card;Dallas
TR1517;2023-01-07;CU487;PRD4328;Groceries;4;344.18;1376.72;Cash;Los Angeles
TR1518;2023-02-28;CU359;PRD5426;Books;9;297.6;2678.4;Credit Card;San Antonio
TR1519;2023-02-23;CU147;PRD2875;Toys;10;62.3;623.0;Credit Card;Chicago
TR1520;2023-01-24;CU436;PRD5957;Electronics;2;206.1;412.2;Debit Card;Houston
TR1521;2023-01-13;CU328;PRD4355;Clothing;1;50.55;50.55;Cash;Chicago
TR1522;2023-01-22;CU013;PRD4035;Groceries;10;348.96;3489.6;Credit Card;Dallas
TR1523;2023-01-14;CU403;PRD5243;Furniture;4;347.85;1391.4;Credit Card;Phoenix
TR1524;2023-01-26;CU371;PRD3254;Electronics;1;73.32;73.32;Cash;San Antonio
TR1525;2023-01-24;CU482;PRD4993;Books;6;56.56;339.36;Cash;San Diego
TR1526;2023-02-19;CU487;PRD5659;Toys;7;310.66;2174.62;Debit Card;San Antonio
TR1527;2023-02-11;CU053;PRD5748;Clothing;7;502.67;3518.69;Credit Card;San Jose
TR1528;2023-02-14;CU468;PRD4115;Groceries;6;160.87;965.22;Debit Card;San Antonio
TR1529;2023-02-24;CU382;PRD2657;Electronics;2;393.39;786.78;Cash;Houston
TR1530;2023-01-31;CU163;PRD2398;Books;10;309.12;3091.2;Paypal;New York
TR1531;2023-01-31;CU341;PRD4973;Books;8;209.7;1677.6;Debit Card;San Diego
TR1532;2023-01-09;CU080;PRD1670;Toys;5;235.48;1177.4;Credit Card;San Jose
TR1533;2023-02-07;CU317;PRD1801;Groceries;10;152.4;1524.0;Credit Card;Houston
TR1534;2023-02-08;CU463;PRD4729;Books;7;591.64;4141.48;Cash;Houston
TR1535;2023-02-08;CU474;PRD5651;Clothing;4;456.8;1827.2;Cash;New York
TR1536;2023-01-24;CU484;PRD5089;Groceries;8;271.26;2170.08;Credit Card;Chicago
TR1537;2023-02-08;CU188;PRD1387;Groceries;6;507.49;3044.94;Paypal;San Jose
TR1538;2023-02-05;CU123;PRD5165;Furniture;9;33.27;299.43;Credit Card;San Jose
TR1539;2023-01-01;CU230;PRD1908;Clothing;7;386.66;2706.62;Credit Card;Chicago
TR1540;2023-01-19;CU164;PRD5581;Groceries;5;476.79;2383.95;Paypal;New York
TR1541;2023-01-11;CU417;PRD2092;Toys;7;182.94;1280.58;Cash;Los Angeles
TR1542;2023-01-19;CU118;PRD1350;Furniture;8;488.8;3910.4;Credit Card;New York
TR1543;2023-01-19;CU348;PRD2146;Clothing;6;171.31;1027.86;Cash;Chicago
TR1544;2023-02-15;CU133;PRD2641;Groceries;10;135.1;1351.0;Paypal;San Diego
TR1545;2023-02-20;CU206;PRD5975;Toys;9;513.05;4617.45;Credit Card;Houston
TR1546;2023-01-26;CU226;PRD2845;Electronics;6;379.78;2278.68;Credit Card;San Diego
TR1547;2023-01-14;CU215;PRD4190;Clothing;9;526.78;4741.02;Credit Card;San Antonio
TR1548;2023-01-05;CU231;PRD1296;Toys;5;444.49;2222.45;Cash;Chicago
TR1549;2023-01-22;CU113;PRD5313;Electronics;5;593.7;2968.5;Credit Card;Chicago
TR1550;2023-01-09;CU009;PRD1492;Clothing;8;5.88;47.04;Credit Card;San Jose
TR1551;2023-01-14;CU193;PRD2731;Furniture;5;135.66;678.3;Paypal;Phoenix
TR1552;2023-02-25;CU115;PRD5192;Clothing;3;561.68;1685.04;Paypal;Los Angeles
TR1553;2023-02-25;CU275;PRD3048;Electronics;6;67.04;402.24;Credit Card;New York
TR1554;2023-02-11;CU052;PRD5134;Toys;3;31.42;94.26;Debit Card;Houston
TR1555;2023-02-10;CU469;PRD5234;Groceries;5;399.91;1999.55;Debit Card;San Antonio
TR1556;2023-02-04;CU167;PRD4086;Clothing;5;206.43;1032.15;Credit Card;Dallas
TR1557;2023-01-26;CU286;PRD3423;Clothing;2;184.39;368.78;Debit Card;San Jose
TR1558;2023-02-02;CU425;PRD4835;Clothing;4;495.65;1982.6;Cash;Los Angeles
TR1559;2023-01-11;CU414;PRD5809;Furniture;4;148.7;594.8;Cash;San Antonio
TR1560;2023-01-06;CU286;PRD4922;Groceries;2;137.78;275.56;Debit Card;San Antonio
TR1561;2023-01-31;CU424;PRD4805;Books;7;256.7;1796.9;Cash;San Jose
TR1562;2023-01-01;CU235;PRD5113;Clothing;4;270.87;1083.48;Cash;Dallas
TR1563;2023-01-18;CU016;PRD1525;Books;10;104.58;1045.8;Debit Card;Chicago
TR1564;2023-02-09;CU187;PRD2981;Furniture;2;18.0;36.0;Credit Card;San Diego
TR1565;2023-01-05;CU074;PRD3631;Furniture;10;452.92;4529.2;Paypal;San Jose
TR1566;2023-01-29;CU029;PRD3555;Groceries;3;199.7;599.1;Debit Card;San Antonio
TR1567;2023-01-04;CU164;PRD1113;Toys;4;134.2;536.8;Credit Card;Philadelphia
TR1568;2023-01-07;CU377;PRD3320;Groceries;1;132.21;132.21;Credit Card;Phoenix
TR1569;2023-02-11;CU454;PRD5788;Toys;9;51.41;462.69;Paypal;Dallas
TR1570;2023-01-28;CU240;PRD1764;Furniture;6;365.64;2193.84;Credit Card;San Jose
TR1571;2023-01-04;CU320;PRD3401;Clothing;2;41.16;82.32;Debit Card;San Diego
TR1572;2023-01-11;CU233;PRD4615;Clothing;8;431.17;3449.36;Credit Card;Houston
TR1573;2023-02-11;CU482;PRD2309;Toys;1;65.26;65.26;Debit Card;Chicago
TR1574;2023-01-07;CU160;PRD2571;Electronics;3;358.94;1076.82;Paypal;Dallas
TR1575;2023-02-06;CU168;PRD3229;Groceries;3;149.16;447.48;Debit Card;Chicago
TR1576;2023-03-01;CU380;PRD2584;Groceries;7;366.41;2564.87;Credit Card;Phoenix
TR1577;2023-02-19;CU167;PRD3554;Toys;6;201.75;1210.5;Cash;San Jose
TR1578;2023-01-22;CU065;PRD1195;Clothing;4;590.3;2361.2;Cash;San Jose
TR1579;2023-02-04;CU374;PRD5588;Electronics;5;189.09;945.45;Debit Card;Chicago
TR1580;2023-01-11;CU116;PRD1170;Clothing;2;282.73;565.46;Credit Card;Houston
TR1581;2023-02-24;CU436;PRD1123;Groceries;10;462.03;4620.3;Cash;Philadelphia
TR1582;2023-01-27;CU035;PRD4608;Clothing;3;111.89;335.67;Credit Card;Houston
TR1583;2023-02-20;CU308;PRD4885;Toys;6;558.69;3352.14;Cash;San Diego
TR1584;2023-01-19;CU058;PRD2508;Electronics;1;214.81;214.81;Credit Card;San Jose
TR1585;2023-02-25;CU111;PRD4366;Books;2;194.77;389.54;Cash;Philadelphia
TR1586;2023-01-16;CU430;PRD3687;Clothing;1;562.06;562.06;Debit Card;Dallas
TR1587;2023-01-10;CU202;PRD1920;Furniture;7;297.06;2079.42;Credit Card;San Diego
TR1588;2023-01-19;CU366;PRD4266;Groceries;8;364.16;2913.28;Debit Card;Houston
TR1589;2023-02-02;CU160;PRD2777;Clothing;2;79.84;159.68;Cash;New York
TR1590;2023-01-12;CU392;PRD1001;Toys;1;419.53;419.53;Cash;San Antonio
TR1591;2023-01-30;CU250;PRD1305;Electronics;10;283.01;2830.1;Debit Card;San Diego
TR1592;2023-02-20;CU044;PRD1967;Electronics;10;502.11;5021.1;Credit Card;San Diego
TR1593;2023-01-10;CU299;PRD4545;Furniture;7;64.01;448.07;Debit Card;Chicago
TR1594;2023-03-02;CU382;PRD5568;Electronics;5;211.95;1059.75;Debit Card;Dallas
TR1595;2023-01-23;CU192;PRD2270;Groceries;1;43.42;43.42;Debit Card;Phoenix
TR1596;2023-02-28;CU189;PRD3924;Books;8;523.66;4189.28;Credit Card;San Antonio
TR1597;2023-01-06;CU302;PRD1406;Clothing;5;524.58;2622.9;Credit Card;Houston
TR1598;2023-01-05;CU283;PRD2783;Groceries;8;389.09;3112.72;Debit Card;San Jose
TR1599;2023-01-13;CU477;PRD2180;Electronics;6;391.23;2347.38;Cash;Dallas
TR1600;2023-02-18;CU186;PRD5540;Groceries;1;30.49;30.49;Credit Card;Phoenix
TR1601;2023-01-07;CU260;PRD2954;Toys;5;499.77;2498.85;Paypal;Chicago
TR1602;2023-02-15;CU011;PRD1581;Electronics;8;508.62;4068.96;Paypal;San Jose
TR1603;2023-02-03;CU028;PRD1808;Toys;3;129.02;387.06;Cash;Los Angeles
TR1604;2023-02-08;CU435;PRD5922;Groceries;8;224.05;1792.4;Paypal;New York
TR1605;2023-02-02;CU297;PRD1877;Clothing;2;24.53;49.06;Debit Card;Philadelphia
TR1606;2023-02-23;CU483;PRD4642;Electronics;10;134.13;1341.3;Paypal;Dallas
TR1607;2023-01-02;CU046;PRD1764;Groceries;2;122.1;244.2;Cash;San Jose
TR1608;2023-02-27;CU026;PRD3170;Furniture;1;100.18;100.18;Cash;San Jose
TR1609;2023-02-14;CU147;PRD3290;Electronics;9;286.52;2578.68;Paypal;Houston
TR1610;2023-02-28;CU323;PRD3947;Books;8;493.72;3949.76;Debit Card;Chicago
TR1611;2023-01-23;CU022;PRD2719;Electronics;2;50.64;101.28;Debit Card;Philadelphia
TR1612;2023-01-01;CU344;PRD4537;Toys;2;532.42;1064.84;Debit Card;Chicago
TR1613;2023-02-03;CU055;PRD3364;Furniture;5;452.02;2260.1;Cash;Los Angeles
TR1614;2023-01-17;CU412;PRD4639;Groceries;7;437.67;3063.69;Paypal;Phoenix
TR1615;2023-03-02;CU013;PRD3583;Furniture;9;523.34;4710.06;Credit Card;San Diego
TR1616;2023-03-02;CU402;PRD3003;Furniture;6;414.08;2484.48;Paypal;Houston
TR1617;2023-01-08;CU448;PRD4218;Electronics;5;552.25;2761.25;Cash;San Antonio
TR1618;2023-02-12;CU482;PRD1006;Toys;5;293.42;1467.1;Paypal;Chicago
TR1619;2023-02-23;CU145;PRD4050;Groceries;2;96.35;192.7;Paypal;Dallas
TR1620;2023-02-15;CU237;PRD4753;Toys;10;339.39;3393.9;Debit Card;San Diego
TR1621;2023-01-07;CU375;PRD3918;Furniture;8;247.29;1978.32;Debit Card;Philadelphia
TR1622;2023-01-07;CU147;PRD4323;Groceries;10;499.68;4996.8;Credit Card;Houston
TR1623;2023-01-25;CU002;PRD1366;Books;10;437.39;4373.9;Credit Card;San Diego
TR1624;2023-01-07;CU327;PRD3168;Groceries;6;488.64;2931.84;Debit Card;Los Angeles
TR1625;2023-02-16;CU404;PRD1188;Toys;8;384.23;3073.84;Paypal;Los Angeles
TR1626;2023-02-06;CU466;PRD1357;Groceries;6;496.36;2978.16;Credit Card;Los Angeles
TR1627;2023-01-10;CU382;PRD5739;Electronics;6;68.64;411.84;Paypal;Houston
TR1628;2023-02-06;CU403;PRD5543;Clothing;6;524.16;3144.96;Debit Card;San Antonio
TR1629;2023-01-22;CU448;PRD2801;Groceries;5;534.54;2672.7;Paypal;New York
TR1630;2023-01-28;CU358;PRD3018;Electronics;3;48.77;146.31;Credit Card;Philadelphia
TR1631;2023-01-15;CU072;PRD1704;Furniture;4;24.92;99.68;Paypal;Dallas
TR1632;2023-02-06;CU111;PRD2449;Toys;4;498.97;1995.88;Credit Card;New York
TR1633;2023-01-03;CU242;PRD5614;Groceries;2;457.7;915.4;Debit Card;Dallas
TR1634;2023-01-24;CU051;PRD5868;Books;7;504.22;3529.54;Cash;San Diego
TR1635;2023-02-25;CU263;PRD2454;Clothing;2;112.45;224.9;Paypal;Philadelphia
TR1636;2023-02-27;CU163;PRD1131;Clothing;8;135.45;1083.6;Paypal;San Antonio
TR1637;2023-01-11;CU131;PRD4801;Toys;1;563.26;563.26;Paypal;Los Angeles
TR1638;2023-02-06;CU080;PRD4057;Furniture;8;299.47;2395.76;Paypal;San Antonio
TR1639;2023-01-01;CU365;PRD5429;Groceries;10;585.94;5859.4;Credit Card;Phoenix
TR1640;2023-02-15;CU399;PRD4720;Books;8;293.57;2348.56;Paypal;Philadelphia
TR1641;2023-01-17;CU269;PRD5870;Electronics;6;529.63;3177.78;Credit Card;Houston
TR1642;2023-01-06;CU314;PRD5728;Toys;4;353.0;1412.0;Cash;San Jose
TR1643;2023-02-09;CU241;PRD2280;Toys;9;499.35;4494.15;Paypal;San Jose
TR1644;2023-01-17;CU437;PRD3665;Books;3;413.77;1241.31;Debit Card;Chicago
TR1645;2023-01-06;CU471;PRD1966;Toys;1;570.32;570.32;Cash;Phoenix
TR1646;2023-01-01;CU015;PRD4725;Electronics;6;5.83;34.98;Credit Card;San Jose
TR1647;2023-02-20;CU047;PRD3650;Groceries;8;411.96;3295.68;Debit Card;Chicago
TR1648;2023-01-21;CU163;PRD5854;Groceries;8;321.95;2575.6;Credit Card;Phoenix
TR1649;2023-01-04;CU440;PRD2027;Groceries;10;243.45;2434.5;Cash;New York
TR1650;2023-02-06;CU055;PRD4977;Toys;8;209.17;1673.36;Credit Card;New York
TR1651;2023-02-03;CU083;PRD4150;Toys;1;414.7;414.7;Debit Card;San Antonio
TR1652;2023-01-13;CU339;PRD2217;Books;6;593.56;3561.36;Debit Card;San Antonio
TR1653;2023-02-18;CU292;PRD1549;Clothing;9;169.08;1521.72;Credit Card;Philadelphia
TR1654;2023-02-25;CU464;PRD5770;Furniture;9;165.45;1489.05;Paypal;Dallas
TR1655;2023-02-01;CU480;PRD5275;Furniture;10;488.44;4884.4;Credit Card;Philadelphia
TR1656;2023-01-25;CU012;PRD5777;Clothing;6;448.32;2689.92;Cash;Houston
TR1657;2023-01-18;CU429;PRD1184;Furniture;5;51.1;255.5;Debit Card;Los Angeles
TR1658;2023-02-06;CU348;PRD4770;Toys;7;70.29;492.03;Debit Card;Los Angeles
TR1659;2023-02-13;CU137;PRD4280;Groceries;3;221.01;663.03;Cash;San Jose
TR1660;2023-01-17;CU465;PRD2730;Toys;3;446.7;1340.1;Debit Card;San Diego
TR1661;2023-02-17;CU418;PRD4005;Toys;3;267.74;803.22;Credit Card;San Jose
TR1662;2023-03-01;CU078;PRD2053;Electronics;3;421.47;1264.41;Paypal;Houston
TR1663;2023-01-09;CU075;PRD5761;Electronics;7;503.71;3525.97;Debit Card;Los Angeles
TR1664;2023-02-15;CU369;PRD3590;Toys;2;489.49;978.98;Paypal;New York
TR1665;2023-02-22;CU417;PRD3319;Books;2;231.04;462.08;Paypal;Philadelphia
TR1666;2023-02-16;CU026;PRD5304;Electronics;7;316.39;2214.73;Debit Card;Houston
TR1667;2023-02-02;CU126;PRD1753;Books;8;460.27;3682.16;Credit Card;Houston
TR1668;2023-01-13;CU009;PRD1798;Books;3;590.21;1770.63;Cash;San Diego
TR1669;2023-01-20;CU361;PRD3698;Clothing;8;166.52;1332.16;Debit Card;New York
TR1670;2023-02-09;CU301;PRD2227;Books;1;297.65;297.65;Paypal;Houston
TR1671;2023-01-17;CU420;PRD3631;Furniture;1;329.91;329.91;Debit Card;Houston
TR1672;2023-01-10;CU469;PRD3357;Clothing;1;239.83;239.83;Paypal;Los Angeles
TR1673;2023-02-15;CU066;PRD1110;Books;5;454.01;2270.05;Cash;San Jose
TR1674;2023-01-22;CU470;PRD2251;Clothing;7;388.44;2719.08;Debit Card;San Jose
TR1675;2023-01-25;CU476;PRD5381;Electronics;6;149.0;894.0;Paypal;Houston
TR1676;2023-02-14;CU054;PRD5063;Groceries;9;160.74;1446.66;Paypal;Dallas
TR1677;2023-02-07;CU336;PRD2278;Toys;4;200.42;801.68;Debit Card;San Jose
TR1678;2023-02-25;CU467;PRD5245;Groceries;6;378.11;2268.66;Cash;New York
TR1679;2023-01-03;CU004;PRD2050;Furniture;5;72.24;361.2;Debit Card;San Jose
TR1680;2023-01-29;CU289;PRD5266;Furniture;2;250.76;501.52;Cash;New York
TR1681;2023-02-15;CU219;PRD2798;Groceries;7;246.15;1723.05;Paypal;San Diego
TR1682;2023-02-03;CU255;PRD1962;Furniture;1;386.8;386.8;Paypal;San Diego
TR1683;2023-02-01;CU469;PRD4265;Clothing;6;456.85;2741.1;Paypal;San Diego
TR1684;2023-02-22;CU017;PRD2817;Furniture;4;182.35;729.4;Cash;San Diego
TR1685;2023-01-16;CU340;PRD1655;Electronics;3;505.16;1515.48;Cash;San Jose
TR1686;2023-01-04;CU157;PRD3431;Clothing;3;221.28;663.84;Cash;Los Angeles
TR1687;2023-01-23;CU225;PRD5874;Toys;5;40.48;202.4;Credit Card;San Jose
TR1688;2023-01-14;CU373;PRD3724;Electronics;10;451.38;4513.8;Cash;Phoenix
TR1689;2023-02-18;CU215;PRD3153;Electronics;3;347.53;1042.59;Paypal;Phoenix
TR1690;2023-01-15;CU225;PRD3865;Books;8;452.7;3621.6;Credit Card;Los Angeles
TR1691;2023-02-25;CU143;PRD4790;Furniture;7;74.8;523.6;Cash;Phoenix
TR1692;2023-01-28;CU211;PRD3690;Electronics;7;578.23;4047.61;Paypal;Dallas
TR1693;2023-02-12;CU105;PRD3715;Clothing;6;112.4;674.4;Debit Card;Los Angeles
TR1694;2023-01-05;CU029;PRD2885;Furniture;5;451.37;2256.85;Credit Card;Phoenix
TR1695;2023-02-17;CU331;PRD2684;Clothing;8;88.26;706.08;Debit Card;Phoenix
TR1696;2023-02-28;CU235;PRD5723;Clothing;5;528.97;2644.85;Debit Card;San Antonio
TR1697;2023-01-01;CU230;PRD4516;Books;8;169.47;1355.76;Debit Card;San Diego
TR1698;2023-02-01;CU417;PRD5088;Furniture;6;436.96;2621.76;Debit Card;San Diego
TR1699;2023-01-07;CU465;PRD1711;Books;5;184.65;923.25;Debit Card;Chicago
TR1700;2023-01-15;CU127;PRD1559;Groceries;9;359.76;3237.84;Paypal;San Antonio
TR1701;2023-02-20;CU228;PRD1503;Furniture;5;394.34;1971.7;Cash;New York
TR1702;2023-02-19;CU082;PRD3142;Toys;9;425.18;3826.62;Paypal;Dallas
TR1703;2023-01-21;CU059;PRD4103;Furniture;9;317.87;2860.83;Credit Card;San Jose
TR1704;2023-02-28;CU290;PRD5448;Furniture;3;582.67;1748.01;Debit Card;San Jose
TR1705;2023-02-07;CU295;PRD4385;Toys;4;117.26;469.04;Credit Card;Los Angeles
TR1706;2023-02-27;CU133;PRD1062;Electronics;9;393.64;3542.76;Credit Card;Phoenix
TR1707;2023-01-23;CU469;PRD1536;Toys;1;325.01;325.01;Debit Card;Philadelphia
TR1708;2023-01-15;CU208;PRD4394;Clothing;6;242.03;1452.18;Debit Card;Dallas
TR1709;2023-01-02;CU035;PRD1691;Clothing;9;518.41;4665.69;Debit Card;New York
TR1710;2023-01-24;CU181;PRD2820;Groceries;7;384.98;2694.86;Debit Card;Dallas
TR1711;2023-02-04;CU129;PRD3314;Groceries;5;180.5;902.5;Cash;San Antonio
TR1712;2023-02-23;CU283;PRD2970;Groceries;6;313.26;1879.56;Cash;San Jose
TR1713;2023-01-02;CU296;PRD4319;Furniture;10;98.11;981.1;Credit Card;Philadelphia
TR1714;2023-01-08;CU446;PRD2014;Furniture;7;228.58;1600.06;Debit Card;Dallas
TR1715;2023-01-20;CU401;PRD1161;Toys;8;566.02;4528.16;Credit Card;New York
TR1716;2023-02-14;CU490;PRD5385;Groceries;3;255.32;765.96;Cash;Philadelphia
TR1717;2023-01-25;CU113;PRD1633;Toys;1;268.54;268.54;Cash;Chicago
TR1718;2023-02-13;CU070;PRD2891;Toys;9;222.42;2001.78;Paypal;Phoenix
TR1719;2023-02-24;CU327;PRD4607;Electronics;7;490.99;3436.93;Debit Card;Los Angeles
TR1720;2023-02-01;CU489;PRD1637;Furniture;2;414.96;829.92;Debit Card;Philadelphia
TR1721;2023-02-27;CU116;PRD3427;Groceries;5;6.57;32.85;Debit Card;San Diego
TR1722;2023-01-18;CU452;PRD2721;Furniture;1;239.7;239.7;Credit Card;New York
TR1723;2023-01-08;CU115;PRD4204;Toys;4;222.4;889.6;Cash;San Diego
TR1724;2023-01-19;CU093;PRD1353;Furniture;4;355.16;1420.64;Debit Card;San Diego
TR1725;2023-02-27;CU004;PRD1035;Books;9;424.8;3823.2;Debit Card;Dallas
TR1726;2023-01-05;CU274;PRD4185;Toys;6;149.74;898.44;Paypal;Dallas
TR1727;2023-01-15;CU077;PRD3985;Clothing;9;328.72;2958.48;Credit Card;Houston
TR1728;2023-02-23;CU345;PRD1368;Furniture;4;325.0;1300.0;Cash;Philadelphia
TR1729;2023-01-22;CU308;PRD2047;Toys;6;81.26;487.56;Cash;San Antonio
TR1730;2023-01-12;CU375;PRD2506;Toys;2;377.59;755.18;Cash;Phoenix
TR1731;2023-02-27;CU166;PRD5887;Furniture;5;383.5;1917.5;Debit Card;San Diego
TR1732;2023-02-19;CU296;PRD1220;Groceries;7;400.11;2800.77;Debit Card;New York
TR1733;2023-02-28;CU258;PRD2363;Books;6;162.36;974.16;Credit Card;Houston
TR1734;2023-01-28;CU417;PRD3841;Clothing;5;54.72;273.6;Credit Card;Houston
TR1735;2023-02-07;CU008;PRD3305;Clothing;5;531.26;2656.3;Cash;Philadelphia
TR1736;2023-02-10;CU089;PRD5775;Clothing;5;324.34;1621.7;Debit Card;Phoenix
TR1737;2023-02-06;CU184;PRD3916;Clothing;10;538.34;5383.4;Credit Card;San Diego
TR1738;2023-01-29;CU454;PRD2545;Toys;6;240.83;1444.98;Debit Card;Chicago
TR1739;2023-02-17;CU177;PRD3265;Books;4;261.45;1045.8;Debit Card;Philadelphia
TR1740;2023-01-19;CU265;PRD3145;Clothing;2;578.21;1156.42;Debit Card;Phoenix
TR1741;2023-01-19;CU254;PRD5743;Toys;6;345.4;2072.4;Paypal;San Jose
TR1742;2023-02-06;CU447;PRD4365;Groceries;7;493.33;3453.31;Paypal;Los Angeles
TR1743;2023-01-25;CU111;PRD2054;Clothing;10;15.41;154.1;Cash;San Antonio
TR1744;2023-01-09;CU250;PRD1102;Books;8;187.37;1498.96;Cash;New York
TR1745;2023-01-19;CU371;PRD2834;Toys;1;39.79;39.79;Cash;Houston
TR1746;2023-01-10;CU343;PRD2053;Furniture;9;48.49;436.41;Paypal;Philadelphia
TR1747;2023-01-21;CU129;PRD3202;Books;6;80.84;485.04;Debit Card;Houston
TR1748;2023-02-26;CU309;PRD4567;Clothing;5;15.34;76.7;Paypal;Phoenix
TR1749;2023-03-02;CU440;PRD1148;Groceries;6;107.94;647.64;Paypal;Phoenix
TR1750;2023-02-20;CU259;PRD4611;Groceries;7;249.37;1745.59;Credit Card;Los Angeles
TR1751;2023-02-19;CU060;PRD1717;Clothing;7;205.03;1435.21;Credit Card;Los Angeles
TR1752;2023-01-05;CU413;PRD5916;Furniture;7;542.21;3795.47;Debit Card;San Diego
TR1753;2023-02-13;CU088;PRD5987;Toys;5;463.93;2319.65;Debit Card;San Jose
TR1754;2023-02-01;CU416;PRD5155;Toys;4;324.8;1299.2;Paypal;New York
TR1755;2023-02-10;CU027;PRD5149;Toys;9;20.55;184.95;Cash;Dallas
TR1756;2023-02-08;CU026;PRD4167;Furniture;8;107.38;859.04;Cash;Chicago
TR1757;2023-02-09;CU175;PRD1675;Furniture;1;94.63;94.63;Paypal;Los Angeles
TR1758;2023-02-15;CU261;PRD2911;Toys;8;212.31;1698.48;Paypal;Philadelphia
TR1759;2023-02-27;CU330;PRD1517;Groceries;9;434.79;3913.11;Debit Card;Dallas
TR1760;2023-01-10;CU255;PRD4449;Groceries;2;465.76;931.52;Debit Card;Houston
TR1761;2023-01-31;CU085;PRD5162;Furniture;8;417.48;3339.84;Paypal;San Jose
TR1762;2023-02-13;CU174;PRD1208;Groceries;8;463.48;3707.84;Credit Card;Dallas
TR1763;2023-03-02;CU286;PRD3426;Toys;7;388.85;2721.95;Paypal;Philadelphia
TR1764;2023-01-15;CU056;PRD2300;Electronics;8;453.58;3628.64;Paypal;Phoenix
TR1765;2023-02-16;CU167;PRD4966;Groceries;10;391.27;3912.7;Paypal;San Antonio
TR1766;2023-02-17;CU224;PRD4234;Furniture;8;257.34;2058.72;Cash;New York
TR1767;2023-01-02;CU226;PRD5445;Furniture;4;108.41;433.64;Credit Card;San Diego
TR1768;2023-02-03;CU115;PRD1597;Electronics;9;393.44;3540.96;Cash;New York
TR1769;2023-02-13;CU446;PRD3816;Clothing;6;377.49;2264.94;Paypal;Chicago
TR1770;2023-01-29;CU123;PRD5017;Furniture;8;598.0;4784.0;Credit Card;New York
TR1771;2023-02-13;CU414;PRD3784;Groceries;8;531.26;4250.08;Cash;Dallas
TR1772;2023-01-28;CU432;PRD3100;Electronics;1;364.66;364.66;Paypal;Los Angeles
TR1773;2023-01-10;CU291;PRD2074;Electronics;1;283.68;283.68;Paypal;Philadelphia
TR1774;2023-02-05;CU178;PRD4271;Furniture;4;256.65;1026.6;Paypal;Chicago
TR1775;2023-03-01;CU111;PRD5247;Clothing;8;581.29;4650.32;Credit Card;Philadelphia
TR1776;2023-02-12;CU258;PRD3728;Books;4;75.76;303.04;Debit Card;Chicago
TR1777;2023-03-01;CU430;PRD1384;Toys;2;294.7;589.4;Debit Card;San Diego
TR1778;2023-02-02;CU169;PRD1553;Electronics;3;216.55;649.65;Paypal;Los Angeles
TR1779;2023-02-08;CU497;PRD1141;Clothing;2;28.45;56.9;Cash;Dallas
TR1780;2023-02-07;CU056;PRD3734;Groceries;6;593.48;3560.88;Paypal;New York
TR1781;2023-02-21;CU272;PRD3496;Clothing;1;449.55;449.55;Cash;San Antonio
TR1782;2023-02-02;CU326;PRD5571;Toys;3;67.86;203.58;Paypal;San Jose
TR1783;2023-01-23;CU074;PRD4467;Furniture;3;501.02;1503.06;Cash;Houston
TR1784;2023-01-17;CU358;PRD3353;Clothing;2;444.17;888.34;Credit Card;Houston
TR1785;2023-02-01;CU225;PRD2188;Electronics;2;301.59;603.18;Credit Card;Dallas
TR1786;2023-01-17;CU276;PRD5832;Electronics;5;587.86;2939.3;Cash;Dallas
TR1787;2023-01-12;CU229;PRD1272;Groceries;7;235.81;1650.67;Debit Card;San Jose
TR1788;2023-02-10;CU007;PRD4539;Groceries;7;530.91;3716.37;Paypal;San Diego
TR1789;2023-01-23;CU259;PRD4269;Furniture;9;132.32;1190.88;Debit Card;Chicago
TR1790;2023-02-03;CU332;PRD3437;Books;5;446.66;2233.3;Cash;San Diego
TR1791;2023-02-19;CU471;PRD2628;Books;1;387.99;387.99;Credit Card;Philadelphia
TR1792;2023-01-15;CU398;PRD5005;Books;9;264.22;2377.98;Paypal;Chicago
TR1793;2023-02-12;CU008;PRD1715;Groceries;7;214.6;1502.2;Cash;San Jose
TR1794;2023-01-15;CU347;PRD1376;Books;9;332.57;2993.13;Paypal;Philadelphia
TR1795;2023-01-29;CU166;PRD5303;Electronics;8;248.98;1991.84;Paypal;Dallas
TR1796;2023-02-27;CU114;PRD1868;Groceries;6;499.09;2994.54;Paypal;Chicago
TR1797;2023-02-21;CU475;PRD5302;Toys;2;278.13;556.26;Cash;Philadelphia
TR1798;2023-01-22;CU229;PRD2417;Furniture;9;349.17;3142.53;Debit Card;Chicago
TR1799;2023-02-08;CU372;PRD2359;Groceries;7;313.04;2191.28;Credit Card;Houston
TR1800;2023-01-25;CU088;PRD3443;Books;2;74.45;148.9;Credit Card;Chicago
TR1801;2023-02-10;CU391;PRD2919;Books;4;509.89;2039.56;Cash;San Diego
TR1802;2023-01-15;CU126;PRD3322;Clothing;10;450.87;4508.7;Cash;Phoenix
TR1803;2023-01-21;CU119;PRD4179;Electronics;7;46.19;323.33;Paypal;New York
TR1804;2023-01-29;CU460;PRD3585;Electronics;10;310.39;3103.9;Credit Card;Philadelphia
TR1805;2023-02-20;CU144;PRD4157;Toys;6;485.01;2910.06;Cash;Los Angeles
TR1806;2023-02-27;CU302;PRD4555;Clothing;6;224.3;1345.8;Credit Card;Philadelphia
TR1807;2023-01-13;CU208;PRD5392;Books;8;384.03;3072.24;Debit Card;Phoenix
TR1808;2023-02-20;CU396;PRD2359;Groceries;4;292.7;1170.8;Debit Card;San Jose
TR1809;2023-02-20;CU164;PRD3390;Furniture;1;283.58;283.58;Paypal;Philadelphia
TR1810;2023-01-19;CU163;PRD4274;Books;3;220.57;661.71;Cash;Los Angeles
TR1811;2023-01-08;CU260;PRD1561;Toys;3;343.46;1030.38;Credit Card;San Antonio
TR1812;2023-02-24;CU348;PRD4941;Clothing;4;113.33;453.32;Cash;Houston
TR1813;2023-01-24;CU390;PRD5194;Clothing;7;68.31;478.17;Debit Card;Chicago
TR1814;2023-01-20;CU432;PRD5703;Electronics;8;194.19;1553.52;Credit Card;Los Angeles
TR1815;2023-01-19;CU093;PRD2871;Furniture;9;522.91;4706.19;Debit Card;San Jose
TR1816;2023-01-21;CU055;PRD5958;Books;1;175.69;175.69;Credit Card;Phoenix
TR1817;2023-01-18;CU466;PRD2326;Books;10;331.87;3318.7;Cash;San Diego
TR1818;2023-01-19;CU072;PRD4374;Furniture;6;339.12;2034.72;Cash;San Jose
TR1819;2023-02-16;CU440;PRD2220;Furniture;9;161.27;1451.43;Paypal;Los Angeles
TR1820;2023-02-06;CU191;PRD3521;Furniture;7;287.14;2009.98;Paypal;New York
TR1821;2023-01-12;CU376;PRD4662;Clothing;9;136.37;1227.33;Cash;Dallas
TR1822;2023-01-08;CU337;PRD5070;Clothing;8;434.84;3478.72;Cash;Philadelphia
TR1823;2023-01-01;CU010;PRD5797;Books;3;143.47;430.41;Debit Card;San Jose
TR1824;2023-02-07;CU335;PRD5359;Electronics;10;328.86;3288.6;Debit Card;Los Angeles
TR1825;2023-02-05;CU479;PRD5888;Toys;9;286.42;2577.78;Cash;San Antonio
TR1826;2023-01-23;CU213;PRD4397;Clothing;4;352.43;1409.72;Paypal;San Jose
TR1827;2023-01-16;CU361;PRD4821;Furniture;10;134.27;1342.7;Debit Card;Phoenix
TR1828;2023-02-25;CU386;PRD1199;Furniture;10;131.77;1317.7;Cash;Dallas
TR1829;2023-02-20;CU378;PRD3032;Furniture;3;435.07;1305.21;Credit Card;Chicago
TR1830;2023-03-01;CU495;PRD5216;Furniture;2;200.14;400.28;Cash;Los Angeles
TR1831;2023-01-17;CU028;PRD2080;Furniture;3;596.2;1788.6;Debit Card;San Jose
TR1832;2023-02-23;CU458;PRD4604;Electronics;7;374.69;2622.83;Cash;San Jose
TR1833;2023-01-09;CU071;PRD1884;Clothing;5;553.19;2765.95;Cash;Dallas
TR1834;2023-01-09;CU189;PRD1757;Furniture;4;154.79;619.16;Paypal;San Jose
TR1835;2023-01-10;CU157;PRD3344;Clothing;9;237.3;2135.7;Credit Card;San Antonio
TR1836;2023-02-03;CU332;PRD3577;Books;10;504.21;5042.1;Cash;San Antonio
TR1837;2023-02-22;CU379;PRD4836;Clothing;2;210.45;420.9;Credit Card;Phoenix
TR1838;2023-01-29;CU443;PRD3500;Toys;9;325.6;2930.4;Paypal;Chicago
TR1839;2023-01-30;CU149;PRD2110;Furniture;2;340.13;680.26;Debit Card;Chicago
TR1840;2023-01-05;CU231;PRD3711;Furniture;7;471.84;3302.88;Paypal;Los Angeles
TR1841;2023-01-01;CU172;PRD4271;Furniture;2;256.73;513.46;Cash;Los Angeles
TR1842;2023-01-17;CU245;PRD2472;Groceries;8;217.29;1738.32;Cash;Chicago
TR1843;2023-01-12;CU211;PRD1813;Books;4;71.02;284.08;Paypal;San Antonio
TR1844;2023-02-25;CU233;PRD3522;Furniture;6;419.48;2516.88;Paypal;San Antonio
TR1845;2023-02-09;CU079;PRD3972;Books;10;297.02;2970.2;Debit Card;San Antonio
TR1846;2023-02-07;CU136;PRD5879;Books;10;191.79;1917.9;Cash;San Jose
TR1847;2023-01-25;CU258;PRD3128;Clothing;9;276.91;2492.19;Cash;Houston
TR1848;2023-01-13;CU011;PRD4368;Books;2;324.66;649.32;Credit Card;San Diego
TR1849;2023-01-29;CU114;PRD3777;Furniture;7;594.41;4160.87;Cash;San Antonio
TR1850;2023-03-01;CU071;PRD5780;Furniture;5;53.11;265.55;Debit Card;Phoenix
TR1851;2023-02-15;CU102;PRD5347;Clothing;6;437.45;2624.7;Debit Card;Dallas
TR1852;2023-01-20;CU264;PRD4566;Clothing;10;384.54;3845.4;Cash;New York
TR1853;2023-03-02;CU447;PRD4634;Clothing;8;496.31;3970.48;Cash;Philadelphia
TR1854;2023-02-06;CU360;PRD5416;Toys;8;437.72;3501.76;Credit Card;Philadelphia
TR1855;2023-01-09;CU078;PRD4764;Groceries;4;593.91;2375.64;Credit Card;Philadelphia
TR1856;2023-01-20;CU198;PRD1029;Clothing;5;414.03;2070.15;Cash;Phoenix
TR1857;2023-02-11;CU124;PRD2579;Toys;9;542.03;4878.27;Cash;Philadelphia
TR1858;2023-02-27;CU271;PRD2897;Groceries;8;64.18;513.44;Cash;San Jose
TR1859;2023-02-06;CU467;PRD1931;Groceries;7;269.23;1884.61;Debit Card;San Jose
TR1860;2023-02-08;CU044;PRD4394;Books;10;358.4;3584.0;Paypal;Phoenix
TR1861;2023-02-03;CU108;PRD2313;Groceries;2;400.2;800.4;Debit Card;Phoenix
TR1862;2023-02-13;CU097;PRD1228;Groceries;10;330.03;3300.3;Credit Card;Chicago
TR1863;2023-01-13;CU184;PRD5972;Electronics;6;33.34;200.04;Debit Card;Chicago
TR1864;2023-01-09;CU301;PRD3782;Groceries;3;560.38;1681.14;Credit Card;Phoenix
TR1865;2023-02-04;CU108;PRD5495;Toys;10;245.46;2454.6;Paypal;Houston
TR1866;2023-02-08;CU153;PRD5320;Books;6;184.72;1108.32;Cash;Chicago
TR1867;2023-01-11;CU167;PRD2857;Toys;4;427.94;1711.76;Cash;Chicago
TR1868;2023-02-26;CU414;PRD5786;Toys;10;357.75;3577.5;Debit Card;Los Angeles
TR1869;2023-02-26;CU077;PRD2740;Toys;3;270.77;812.31;Cash;San Diego
TR1870;2023-02-11;CU035;PRD5726;Electronics;2;515.08;1030.16;Debit Card;Chicago
TR1871;2023-01-23;CU431;PRD5125;Groceries;6;135.77;814.62;Credit Card;San Diego
TR1872;2023-02-12;CU388;PRD2912;Books;3;333.32;999.96;Cash;San Diego
TR1873;2023-01-08;CU268;PRD2780;Furniture;10;421.09;4210.9;Paypal;New York
TR1874;2023-03-01;CU118;PRD5914;Toys;3;531.8;1595.4;Paypal;Chicago
TR1875;2023-02-15;CU291;PRD2926;Books;5;98.63;493.15;Cash;Phoenix
TR1876;2023-02-18;CU280;PRD2001;Books;8;505.1;4040.8;Cash;Phoenix
TR1877;2023-02-06;CU126;PRD5833;Furniture;9;102.4;921.6;Credit Card;Houston
TR1878;2023-01-02;CU069;PRD5109;Toys;9;380.19;3421.71;Credit Card;San Antonio
TR1879;2023-02-21;CU071;PRD5797;Books;3;397.95;1193.85;Paypal;Philadelphia
TR1880;2023-02-15;CU254;PRD3029;Toys;7;47.55;332.85;Credit Card;Philadelphia
TR1881;2023-02-20;CU309;PRD5906;Groceries;9;570.46;5134.14;Cash;Philadelphia
TR1882;2023-01-18;CU223;PRD2371;Books;6;363.43;2180.58;Paypal;San Diego
TR1883;2023-02-28;CU227;PRD4832;Toys;10;22.51;225.1;Cash;Phoenix
TR1884;2023-02-23;CU157;PRD4874;Toys;3;80.29;240.87;Cash;Philadelphia
TR1885;2023-01-16;CU405;PRD1152;Groceries;7;526.78;3687.46;Paypal;San Diego
TR1886;2023-01-03;CU438;PRD3411;Electronics;10;597.28;5972.8;Cash;Dallas
TR1887;2023-01-02;CU126;PRD2437;Groceries;1;594.23;594.23;Credit Card;San Diego
TR1888;2023-02-15;CU326;PRD4103;Clothing;3;306.02;918.06;Paypal;Chicago
TR1889;2023-02-12;CU452;PRD4662;Groceries;1;191.97;191.97;Cash;Phoenix
TR1890;2023-02-08;CU099;PRD1694;Electronics;1;305.73;305.73;Paypal;Chicago
TR1891;2023-01-26;CU062;PRD3303;Furniture;4;382.28;1529.12;Cash;Los Angeles
TR1892;2023-02-19;CU138;PRD1965;Electronics;9;212.72;1914.48;Cash;Houston
TR1893;2023-01-12;CU057;PRD5678;Furniture;3;78.92;236.76;Debit Card;San Jose
TR1894;2023-01-31;CU404;PRD4056;Clothing;8;447.02;3576.16;Cash;New York
TR1895;2023-02-12;CU087;PRD1561;Toys;3;238.75;716.25;Credit Card;San Antonio
TR1896;2023-02-23;CU259;PRD3803;Groceries;10;532.19;5321.9;Cash;Dallas
TR1897;2023-02-06;CU121;PRD2065;Groceries;4;572.38;2289.52;Paypal;Philadelphia
TR1898;2023-01-11;CU411;PRD4353;Electronics;7;345.19;2416.33;Debit Card;Dallas
TR1899;2023-02-05;CU099;PRD5825;Toys;5;390.86;1954.3;Credit Card;Dallas
TR1900;2023-02-08;CU066;PRD3413;Toys;7;170.28;1191.96;Cash;Chicago
TR1901;2023-01-19;CU039;PRD2225;Groceries;9;372.28;3350.52;Paypal;Houston
TR1902;2023-01-26;CU361;PRD5245;Toys;7;83.82;586.74;Cash;San Jose
TR1903;2023-01-04;CU398;PRD1509;Toys;3;92.24;276.72;Debit Card;Philadelphia
TR1904;2023-02-17;CU209;PRD3171;Toys;2;257.98;515.96;Paypal;San Diego
TR1905;2023-01-14;CU374;PRD3860;Toys;10;69.11;691.1;Credit Card;Phoenix
TR1906;2023-02-06;CU146;PRD1208;Clothing;1;62.26;62.26;Debit Card;Houston
TR1907;2023-01-14;CU063;PRD4565;Furniture;8;541.39;4331.12;Cash;San Jose
TR1908;2023-01-05;CU308;PRD2481;Electronics;10;324.57;3245.7;Paypal;Dallas
TR1909;2023-01-31;CU441;PRD3226;Clothing;9;15.1;135.9;Cash;San Diego
TR1910;2023-02-13;CU331;PRD3486;Books;1;549.36;549.36;Paypal;Chicago
TR1911;2023-02-22;CU345;PRD3802;Groceries;5;485.83;2429.15;Cash;New York
TR1912;2023-02-18;CU477;PRD3225;Clothing;10;392.69;3926.9;Credit Card;San Antonio
TR1913;2023-01-25;CU370;PRD2442;Furniture;6;541.8;3250.8;Credit Card;Los Angeles
TR1914;2023-02-21;CU496;PRD3536;Toys;6;340.19;2041.14;Paypal;San Antonio
TR1915;2023-01-01;CU214;PRD1739;Furniture;8;81.15;649.2;Debit Card;Los Angeles
TR1916;2023-02-24;CU235;PRD4890;Electronics;5;549.48;2747.4;Cash;Chicago
TR1917;2023-01-20;CU452;PRD1366;Books;9;572.76;5154.84;Debit Card;Phoenix
TR1918;2023-02-11;CU137;PRD3177;Electronics;9;168.6;1517.4;Credit Card;Houston
TR1919;2023-01-04;CU467;PRD2077;Groceries;6;396.04;2376.24;Cash;Phoenix
TR1920;2023-02-07;CU315;PRD1336;Furniture;8;577.68;4621.44;Debit Card;Los Angeles
TR1921;2023-01-20;CU110;PRD4978;Groceries;6;162.69;976.14;Cash;New York
TR1922;2023-02-02;CU098;PRD1678;Toys;6;410.61;2463.66;Credit Card;San Antonio
TR1923;2023-01-17;CU164;PRD3498;Clothing;5;49.81;249.05;Credit Card;San Jose
TR1924;2023-02-13;CU205;PRD1728;Clothing;3;112.65;337.95;Credit Card;Chicago
TR1925;2023-01-30;CU098;PRD3852;Groceries;7;533.97;3737.79;Cash;Los Angeles
TR1926;2023-02-26;CU188;PRD4996;Toys;1;428.99;428.99;Credit Card;Houston
TR1927;2023-01-12;CU091;PRD4674;Clothing;8;343.41;2747.28;Credit Card;New York
TR1928;2023-01-23;CU092;PRD5990;Toys;8;84.46;675.68;Cash;Dallas
TR1929;2023-02-23;CU203;PRD3262;Clothing;3;234.29;702.87;Cash;Dallas
TR1930;2023-01-08;CU431;PRD1134;Furniture;7;451.69;3161.83;Debit Card;New York
TR1931;2023-01-29;CU301;PRD1305;Toys;7;223.96;1567.72;Paypal;San Antonio
TR1932;2023-02-13;CU323;PRD5961;Electronics;3;407.35;1222.05;Paypal;Chicago
TR1933;2023-02-23;CU319;PRD1484;Toys;7;323.94;2267.58;Paypal;Los Angeles
TR1934;2023-01-10;CU178;PRD1325;Clothing;3;555.86;1667.58;Credit Card;San Antonio
TR1935;2023-02-16;CU017;PRD3968;Electronics;9;454.77;4092.93;Cash;Philadelphia
TR1936;2023-02-26;CU272;PRD2724;Groceries;4;287.18;1148.72;Cash;Dallas
TR1937;2023-02-17;CU010;PRD1204;Toys;7;497.85;3484.95;Paypal;Los Angeles
TR1938;2023-02-04;CU245;PRD2406;Clothing;10;82.93;829.3;Cash;Chicago
TR1939;2023-02-18;CU363;PRD4292;Groceries;4;555.4;2221.6;Paypal;New York
TR1940;2023-02-10;CU259;PRD2738;Electronics;5;21.87;109.35;Credit Card;San Jose
TR1941;2023-02-04;CU291;PRD1084;Furniture;5;114.09;570.45;Paypal;Phoenix
TR1942;2023-01-13;CU228;PRD3202;Toys;7;222.1;1554.7;Paypal;San Antonio
TR1943;2023-02-07;CU218;PRD3890;Toys;1;570.6;570.6;Cash;Philadelphia
TR1944;2023-02-22;CU487;PRD2562;Toys;3;48.1;144.3;Credit Card;Phoenix
TR1945;2023-02-04;CU064;PRD4034;Furniture;6;234.47;1406.82;Cash;New York
TR1946;2023-01-25;CU260;PRD3803;Clothing;9;148.87;1339.83;Credit Card;New York
TR1947;2023-02-04;CU349;PRD2323;Clothing;10;53.81;538.1;Credit Card;Chicago
TR1948;2023-01-26;CU447;PRD1582;Furniture;4;281.8;1127.2;Cash;Chicago
TR1949;2023-02-23;CU305;PRD1673;Electronics;9;123.01;1107.09;Debit Card;San Diego
TR1950;2023-01-31;CU090;PRD2043;Books;7;376.58;2636.06;Credit Card;San Antonio
TR1951;2023-01-02;CU117;PRD2701;Electronics;10;254.55;2545.5;Cash;Houston
TR1952;2023-02-02;CU387;PRD4541;Books;8;152.5;1220.0;Cash;Dallas
TR1953;2023-01-14;CU087;PRD2267;Toys;5;59.52;297.6;Debit Card;Dallas
TR1954;2023-02-10;CU259;PRD2636;Clothing;7;203.5;1424.5;Paypal;Houston
TR1955;2023-02-19;CU025;PRD2468;Toys;5;302.29;1511.45;Credit Card;Dallas
TR1956;2023-02-23;CU084;PRD5025;Books;9;233.09;2097.81;Credit Card;Phoenix
TR1957;2023-02-12;CU435;PRD4082;Furniture;7;255.89;1791.23;Credit Card;Phoenix
TR1958;2023-01-20;CU066;PRD5787;Furniture;1;296.48;296.48;Debit Card;San Jose
TR1959;2023-02-13;CU305;PRD1148;Books;7;166.85;1167.95;Cash;San Antonio
TR1960;2023-02-02;CU294;PRD5926;Electronics;8;239.84;1918.72;Paypal;Houston
TR1961;2023-01-17;CU241;PRD4130;Toys;5;566.42;2832.1;Debit Card;San Jose
TR1962;2023-02-22;CU016;PRD4133;Clothing;7;120.68;844.76;Debit Card;New York
TR1963;2023-02-16;CU085;PRD1255;Furniture;4;157.71;630.84;Cash;Chicago
TR1964;2023-03-01;CU020;PRD1200;Electronics;5;86.38;431.9;Credit Card;Dallas
TR1965;2023-02-16;CU249;PRD3449;Books;1;169.38;169.38;Paypal;Los Angeles
TR1966;2023-02-16;CU448;PRD5295;Groceries;2;438.72;877.44;Debit Card;Phoenix
TR1967;2023-02-27;CU368;PRD5275;Clothing;3;125.8;377.4;Paypal;Philadelphia
TR1968;2023-02-25;CU303;PRD5202;Furniture;6;137.39;824.34;Paypal;New York
TR1969;2023-01-19;CU126;PRD2905;Groceries;8;26.09;208.72;Paypal;San Antonio
TR1970;2023-01-02;CU293;PRD5164;Clothing;9;537.21;4834.89;Debit Card;Philadelphia
TR1971;2023-02-17;CU402;PRD4244;Clothing;2;281.38;562.76;Cash;New York
TR1972;2023-01-15;CU364;PRD2362;Electronics;1;378.13;378.13;Debit Card;New York
TR1973;2023-01-07;CU153;PRD1896;Groceries;1;586.4;586.4;Paypal;San Antonio
TR1974;2023-02-03;CU306;PRD2166;Toys;3;227.07;681.21;Credit Card;Houston
TR1975;2023-01-02;CU423;PRD3909;Books;10;319.4;3194.0;Credit Card;Houston
TR1976;2023-01-07;CU139;PRD4942;Furniture;9;466.97;4202.73;Credit Card;Phoenix
TR1977;2023-01-27;CU352;PRD2633;Books;10;130.01;1300.1;Paypal;New York
TR1978;2023-02-09;CU364;PRD4332;Furniture;3;478.2;1434.6;Paypal;San Antonio
TR1979;2023-02-14;CU113;PRD5741;Furniture;7;15.09;105.63;Debit Card;Philadelphia
TR1980;2023-02-14;CU489;PRD5760;Books;7;469.53;3286.71;Cash;New York
TR1981;2023-02-16;CU117;PRD4989;Clothing;3;429.48;1288.44;Paypal;Chicago
TR1982;2023-02-24;CU047;PRD1154;Toys;2;252.39;504.78;Debit Card;Chicago
TR1983;2023-01-24;CU036;PRD4375;Toys;6;132.53;795.18;Paypal;Los Angeles
TR1984;2023-02-09;CU416;PRD3890;Toys;4;214.4;857.6;Credit Card;Los Angeles
TR1985;2023-01-04;CU423;PRD2891;Clothing;8;271.28;2170.24;Credit Card;Philadelphia
TR1986;2023-02-27;CU143;PRD2658;Electronics;1;512.75;512.75;Cash;Dallas
TR1987;2023-01-15;CU297;PRD5542;Furniture;1;541.63;541.63;Paypal;Houston
TR1988;2023-01-07;CU256;PRD4574;Books;4;531.83;2127.32;Cash;New York
TR1989;2023-02-15;CU256;PRD4062;Groceries;10;594.69;5946.9;Credit Card;Philadelphia
TR1990;2023-01-16;CU257;PRD3741;Books;6;452.43;2714.58;Credit Card;Los Angeles
TR1991;2023-02-13;CU377;PRD3405;Groceries;1;39.72;39.72;Cash;San Jose
TR1992;2023-01-12;CU119;PRD1192;Furniture;2;219.95;439.9;Credit Card;San Jose
TR1993;2023-01-21;CU189;PRD5964;Clothing;3;209.77;629.31;Credit Card;Houston
TR1994;2023-01-16;CU499;PRD5063;Groceries;7;353.22;2472.54;Credit Card;Dallas
TR1995;2023-01-13;CU174;PRD5627;Groceries;4;323.14;1292.56;Paypal;Houston
TR1996;2023-01-11;CU019;PRD4709;Toys;5;310.57;1552.85;Debit Card;Los Angeles
TR1997;2023-02-01;CU103;PRD5084;Books;3;339.7;1019.1;Credit Card;San Antonio
TR1998;2023-01-30;CU166;PRD2559;Groceries;4;20.71;82.84;Cash;San Diego
TR1999;2023-02-16;CU157;PRD3670;Clothing;7;60.04;420.28;Paypal;San Diego